household_key,total_spend,total_orders,avg_order_spend
1023,38319.79,603,63.55
1609,27859.68,412,67.62
1453,21661.29,761,28.46
1430,20352.99,344,59.17
718,19299.86,599,32.22
707,19194.42,498,38.54
1653,19153.75,541,35.4
1111,18894.72,321,58.86
982,18790.34,412,45.61
400,18494.14,310,59.66
1229,18304.31,385,47.54
1975,17548.27,363,48.34
328,17332.13,239,72.52
1527,17295.18,321,53.88
1489,17251.53,536,32.19
1864,16941.58,164,103.3
900,16450.53,1223,13.45
371,15716.54,161,97.62
1762,15360.14,344,44.65
1995,15332.43,154,99.56
113,15324.95,223,68.72
1142,15178.96,284,53.45
389,14880.92,271,54.91
1475,14855.21,339,43.82
696,14715.53,326,45.14
1228,14503.89,797,18.2
1803,14420.9,216,66.76
1314,14330.399,421,34.04
1379,13995.22,509,27.5
1029,13785.55,276,49.95
591,13534.93,325,41.65
853,13497.29,516,26.16
973,13486.32,84,160.55
115,13262.1,201,65.98
641,13221.75,355,37.24
13,13190.92,275,47.97
2019,13160.5,337,39.05
889,12983.01,216,60.11
40,12907.89,400,32.27
2085,12894.57,359,35.92
979,12854.66,205,62.71
358,12729.34,371,34.31
232,12695.57,631,20.12
1579,12695.25,600,21.16
1845,12647.61,151,83.76
1677,12559.61,193,65.08
1274,12503.24,273,45.8
909,12414.56,713,17.41
1935,12371.26,177,69.89
1166,12300.62,409,30.07
1823,12268.85,377,32.54
235,12156.64,200,60.78
513,12130.01,161,75.34
1367,12125.4795,352,34.45
1710,11984.59,215,55.74
840,11944.57,214,55.82
1740,11938.2,390,30.61
149,11920.93,215,55.45
219,11884.79,228,52.13
825,11835.02,242,48.91
575,11771.13,356,33.06
712,11711.02,256,45.75
88,11615.66,229,50.72
1598,11516.83,445,25.88
1337,11500.76,244,47.13
1901,11462.24,852,13.45
392,11443.97,104,110.04
1764,11412.2,135,84.53
19,11299.61,421,26.84
1899,11276.8,69,163.43
1240,11250.07,217,51.84
1722,11229.71,258,43.53
1510,11211.37,1300,8.62
1260,11200.8,168,66.67
1376,11041.41,235,46.98
1835,10995.71,310,35.47
253,10993.71,385,28.56
1944,10942.88,180,60.79
1848,10848.11,110,98.62
653,10822.55,228,47.47
676,10741.1,376,28.57
728,10732.91,475,22.6
934,10709.38,234,45.77
755,10617.05,307,34.58
125,10601.5,358,29.61
1566,10567.71,347,30.45
871,10435.96,132,79.06
1631,10427.21,353,29.54
800,10426.58,443,23.54
58,10367.08,268,38.68
699,10353.0,150,69.02
1804,10251.19,311,32.96
956,10231.93,621,16.48
1081,10201.55,139,73.39
883,10165.13,352,28.88
1633,10162.78,219,46.41
2004,10053.87,248,40.54
1272,10019.45,258,38.84
256,9850.35,125,78.8
968,9805.11,167,58.71
1852,9800.02,317,30.91
1795,9751.73,1138,8.57
67,9618.9,227,42.37
1020,9561.46,171,55.91
588,9540.54,262,36.41
1098,9500.7,449,21.16
1775,9485.14,211,44.95
1476,9481.75,356,26.63
703,9475.69,219,43.27
1024,9448.75,145,65.16
1179,9428.4,205,45.99
1585,9353.85,150,62.36
1778,9336.3,259,36.05
631,9277.72,483,19.21
1630,9265.32,188,49.28
1620,9219.35,337,27.36
218,9211.72,164,56.17
2070,9210.42,635,14.5
1767,9204.22,485,18.98
669,9164.15,119,77.01
1479,9129.2295,716,12.75
1248,9091.29,158,57.54
1788,9072.28,152,59.69
636,9045.17,227,39.85
1211,9045.04,168,53.84
761,9036.01,178,50.76
1529,9025.51,244,36.99
762,8982.79,886,10.14
1907,8939.5,388,23.04
2007,8887.75,191,46.53
1146,8854.64,345,25.67
831,8831.35,166,53.2
1326,8831.21,394,22.41
2097,8823.83,202,43.68
1097,8806.33,165,53.37
1770,8793.19,477,18.43
361,8747.1,217,40.31
354,8729.87,157,55.6
895,8700.15,211,41.23
888,8689.01,79,109.99
198,8659.17,461,18.78
1906,8631.61,163,52.95
1662,8617.94,83,103.83
568,8612.85,180,47.85
1985,8605.36,156,55.16
304,8586.28,304,28.24
324,8554.87,150,57.03
1900,8541.14,56,152.52
2012,8535.06,303,28.17
1370,8531.89,86,99.21
695,8523.93,226,37.72
1501,8490.73,205,41.42
2020,8458.21,252,33.56
1535,8453.65,247,34.23
1534,8449.68,313,27.0
46,8433.43,137,61.56
1612,8429.05,151,55.82
898,8355.2295,315,26.52
1693,8354.55,164,50.94
766,8350.09,122,68.44
2083,8308.39,383,21.69
998,8305.39,250,33.22
2076,8297.94,252,32.93
472,8295.58,96,86.41
661,8271.31,394,20.99
1057,8219.34,184,44.67
454,8215.93,356,23.08
702,8205.68,276,29.73
1726,8131.91,182,44.68
1391,8105.7397,169,47.96
1528,8086.55,239,33.83
243,8074.12,250,32.3
1694,8055.47,249,32.35
638,8039.29,164,49.02
1590,8033.79,152,52.85
771,7990.97,497,16.08
1197,7988.73,160,49.93
660,7954.28,168,47.35
1988,7907.93,184,42.98
510,7903.36,346,22.84
864,7892.97,109,72.41
2022,7875.78,86,91.58
426,7860.85,228,34.48
2087,7832.74,227,34.51
1807,7773.21,212,36.67
1074,7769.2197,132,58.86
469,7748.4897,165,46.96
630,7746.27,206,37.6
1541,7743.35,102,75.92
380,7726.44,129,59.89
1333,7709.85,129,59.77
351,7659.67,296,25.88
1419,7634.57,524,14.57
1955,7634.5,156,48.94
1854,7631.7197,273,27.96
1305,7552.93,373,20.25
1139,7539.55,92,81.95
1837,7528.5,160,47.05
842,7527.27,506,14.88
788,7514.2,295,25.47
20,7486.11,387,19.34
1769,7447.28,156,47.74
1584,7435.38,317,23.46
786,7434.07,204,36.44
1175,7403.51,135,54.84
618,7343.87,544,13.5
560,7290.9,326,22.36
926,7274.1,241,30.18
553,7259.09,265,27.39
1461,7246.2,290,24.99
301,7211.68,81,89.03
1947,7209.25,90,80.1
367,7186.37,114,63.04
1396,7177.06,229,31.34
1041,7156.7,291,24.59
492,7148.28,117,61.1
18,7118.91,163,43.67
2017,7106.62,170,41.8
374,7099.56,163,43.56
184,7090.07,257,27.59
936,7089.4897,502,14.12
859,7074.2,194,36.46
906,7048.71,382,18.45
365,7048.43,170,41.46
891,7035.21,113,62.26
418,6960.96,256,27.19
1536,6960.19,164,42.44
1388,6949.16,151,46.02
1378,6933.7197,121,57.3
99,6926.15,255,27.16
1078,6885.69,250,27.54
1850,6882.11,223,30.86
209,6876.56,196,35.08
868,6836.65,162,42.2
1167,6798.79,150,45.33
1917,6788.0,291,23.33
574,6753.54,120,56.28
569,6749.19,102,66.17
1937,6742.44,158,42.67
745,6713.51,180,37.3
1451,6700.05,260,25.77
1613,6699.4897,136,49.26
411,6697.21,158,42.39
56,6691.53,201,33.29
768,6681.35,466,14.34
1865,6651.93,161,41.32
101,6651.58,242,27.49
740,6644.85,113,58.8
1247,6639.95,123,53.98
2015,6628.7,122,54.33
1829,6618.55,320,20.68
1752,6593.81,196,33.64
1707,6580.49,749,8.79
143,6574.23,408,16.11
1130,6563.15,362,18.13
104,6546.7397,128,51.15
1557,6528.36,195,33.48
95,6500.18,308,21.1
679,6494.31,262,24.79
72,6473.43,107,60.5
1264,6458.78,132,48.93
1509,6452.83,204,31.63
49,6445.03,121,53.26
722,6437.62,136,47.34
1602,6425.14,159,40.41
2041,6406.9897,152,42.15
1203,6385.44,173,36.91
693,6378.8,209,30.52
1303,6344.09,212,29.92
647,6326.7397,129,49.04
456,6314.03,94,67.17
275,6284.9897,321,19.58
2086,6269.54,575,10.9
22,6256.04,136,46.0
1226,6237.46,76,82.07
77,6227.1,87,71.58
1924,6225.45,221,28.17
1061,6211.67,147,42.26
976,6190.51,82,75.49
1206,6172.13,381,16.2
397,6161.9897,248,24.85
1599,6161.21,182,33.85
131,6156.22,354,17.39
988,6109.18,196,31.17
404,6107.18,240,25.45
1103,6104.19,204,29.92
908,6097.47,199,30.64
1060,6096.93,64,95.26
867,6088.84,182,33.46
317,6083.3,61,99.73
161,6071.52,266,22.83
1186,6060.38,79,76.71
248,6039.01,57,105.95
1336,6035.21,123,49.07
283,6023.37,78,77.22
685,6019.77,201,29.95
421,6013.04,194,31.0
624,6003.47,160,37.52
6,5996.16,250,23.98
250,5991.84,121,49.52
878,5980.72,181,33.04
2058,5970.57,167,35.75
289,5970.4697,183,32.63
413,5963.78,284,21.0
1299,5959.57,192,31.04
1282,5957.48,203,29.35
1393,5950.89,203,29.31
321,5935.66,106,56.0
1094,5935.57,95,62.48
437,5915.73,90,65.73
1277,5900.81,328,17.99
876,5899.04,200,29.5
222,5897.9,130,45.37
942,5890.14,215,27.4
920,5887.36,238,24.74
806,5875.35,125,47.0
263,5870.33,325,18.06
489,5866.56,212,27.67
605,5856.38,128,45.75
932,5845.96,158,37.0
468,5835.68,334,17.47
1222,5833.39,174,33.53
586,5822.64,211,27.6
1828,5813.77,86,67.6
463,5803.3,587,9.89
949,5799.97,134,43.28
383,5763.44,150,38.42
276,5758.71,173,33.29
1720,5755.69,142,40.53
345,5741.08,182,31.54
27,5736.2397,405,14.16
523,5731.87,277,20.69
306,5716.73,185,30.9
1397,5707.6,283,20.17
69,5704.34,183,31.17
2080,5704.14,130,43.88
387,5697.25,131,43.49
1873,5686.82,269,21.14
670,5685.67,192,29.61
1040,5664.7397,229,24.74
1595,5644.07,139,40.6
1385,5637.51,112,50.33
1491,5635.97,289,19.5
855,5617.79,216,26.01
1091,5617.4,116,48.43
1959,5592.54,104,53.77
1318,5583.96,74,75.46
805,5565.47,304,18.31
1831,5562.06,166,33.51
81,5553.7,152,36.54
1797,5551.4897,115,48.27
1234,5547.83,94,59.02
425,5543.91,151,36.71
709,5536.4,156,35.49
1421,5535.2,218,25.39
134,5535.09,86,64.36
8,5534.97,113,48.98
1892,5532.21,307,18.02
290,5524.34,290,19.05
600,5520.3,166,33.25
866,5519.35,136,40.58
332,5519.02,118,46.77
1110,5508.4697,133,41.42
633,5493.89,167,32.9
52,5487.28,139,39.48
485,5431.01,162,33.52
1180,5430.04,166,32.71
1246,5428.25,97,55.96
511,5425.53,373,14.55
2064,5424.85,271,20.02
294,5411.36,269,20.12
844,5399.64,141,38.3
1352,5398.95,138,39.12
1349,5380.22,202,26.63
2062,5357.62,220,24.35
346,5351.41,124,43.16
929,5342.55,244,21.9
97,5323.95,180,29.58
1966,5307.89,129,41.15
1216,5303.53,134,39.58
1971,5297.13,155,34.18
1042,5284.12,248,21.31
896,5274.46,112,47.09
1256,5274.32,170,31.03
1974,5266.0,198,26.6
196,5261.19,186,28.29
1263,5257.44,126,41.73
939,5254.66,154,34.12
1648,5250.36,116,45.26
601,5241.27,79,66.35
242,5231.8,87,60.14
156,5224.07,587,8.9
1676,5203.43,97,53.64
1588,5199.98,234,22.22
2050,5193.22,160,32.46
1070,5187.13,177,29.31
1039,5168.38,82,63.03
1065,5167.16,50,103.34
1748,5161.78,247,20.9
1169,5159.4,128,40.31
608,5148.98,217,23.73
17,5139.63,124,41.45
582,5137.7397,142,36.18
1050,5134.89,135,38.04
1445,5130.59,178,28.82
1943,5116.58,212,24.13
1927,5097.28,98,52.01
845,5097.28,117,43.57
671,5089.66,127,40.08
2082,5082.41,191,26.61
856,5080.04,182,27.91
1490,5064.7,208,24.35
581,5060.44,146,34.66
1312,5055.88,134,37.73
1134,5050.53,51,99.03
1285,5048.59,137,36.85
656,5040.28,95,53.06
39,5033.66,64,78.65
1936,5029.86,463,10.86
1178,5022.28,212,23.69
1774,5012.46,66,75.95
300,4974.31,107,46.49
931,4967.07,42,118.26
690,4963.14,273,18.18
68,4960.77,553,8.97
2024,4956.9897,99,50.07
1821,4937.27,128,38.57
1454,4934.0,154,32.04
518,4926.37,153,32.2
493,4925.56,196,25.13
2051,4923.16,288,17.09
727,4923.13,118,41.72
1428,4911.53,164,29.95
2088,4905.71,109,45.01
36,4898.25,221,22.16
1045,4893.11,295,16.59
886,4890.11,198,24.7
1390,4879.86,211,23.13
303,4879.67,199,24.52
2006,4873.24,111,43.9
1056,4871.09,66,73.8
1923,4870.31,167,29.16
1675,4862.09,102,47.67
1879,4861.95,274,17.74
1591,4844.96,111,43.65
491,4835.71,124,39.0
1802,4835.44,52,92.99
675,4832.38,223,21.67
1462,4830.0,120,40.25
1294,4829.32,56,86.24
725,4828.58,133,36.31
334,4827.8,466,10.36
2047,4816.35,119,40.47
193,4814.66,136,35.4
2042,4809.05,29,165.83
1163,4808.01,153,31.42
1085,4806.0,106,45.34
2079,4802.87,120,40.02
262,4802.27,218,22.03
817,4801.85,147,32.67
1279,4793.46,199,24.09
1437,4775.56,99,48.24
1673,4773.85,110,43.4
975,4769.31,182,26.21
1459,4769.04,79,60.37
1563,4754.88,113,42.08
2075,4736.51,155,30.56
1623,4733.62,180,26.3
744,4730.31,158,29.94
893,4729.01,111,42.6
674,4727.57,139,34.01
1483,4725.27,112,42.19
503,4723.8,151,31.28
1193,4723.65,219,21.57
378,4715.42,325,14.51
376,4714.62,493,9.56
85,4696.4897,282,16.65
1164,4689.35,104,45.09
1238,4678.61,51,91.74
386,4676.43,281,16.64
239,4671.2,264,17.69
989,4663.38,174,26.8
1856,4661.53,459,10.16
127,4658.23,191,24.39
1703,4648.88,233,19.95
997,4646.81,92,50.51
1053,4616.42,96,48.09
1634,4616.14,85,54.31
882,4609.8,240,19.21
820,4603.98,208,22.13
849,4599.52,62,74.19
1990,4593.26,131,35.06
105,4591.67,169,27.17
1568,4575.94,81,56.49
526,4574.92,183,25.0
1172,4569.2397,167,27.36
1618,4562.48,99,46.09
1138,4546.37,212,21.45
118,4526.21,90,50.29
230,4521.01,168,26.91
409,4499.85,135,33.33
1558,4487.1,145,30.95
1245,4469.27,254,17.6
1723,4469.2197,86,51.97
1159,4468.63,233,19.18
438,4456.52,67,66.52
1619,4454.73,185,24.08
1980,4443.15,54,82.28
682,4438.29,217,20.45
1640,4410.1,151,29.21
1815,4405.47,89,49.5
577,4399.53,39,112.81
31,4396.9,69,63.72
1929,4395.83,62,70.9
1394,4391.58,151,29.08
1113,4391.3,176,24.95
1205,4383.72,186,23.57
538,4382.21,69,63.51
1160,4377.96,145,30.19
1473,4339.15,118,36.77
1,4330.16,86,50.35
1409,4324.03,87,49.7
1046,4314.95,153,28.2
208,4296.33,140,30.69
1997,4295.68,67,64.11
881,4295.11,139,30.9
164,4272.41,116,36.83
548,4255.83,93,45.76
1366,4242.62,256,16.57
1031,4232.12,146,28.99
285,4227.64,202,20.93
972,4219.18,197,21.42
1982,4213.85,160,26.34
1749,4209.35,122,34.5
1820,4208.08,77,54.65
1014,4199.76,161,26.09
195,4166.72,91,45.79
282,4162.56,110,37.84
1434,4160.33,220,18.91
1515,4158.2,99,42.0
1271,4155.52,132,31.48
1919,4154.95,100,41.55
1000,4150.76,138,30.08
1751,4142.87,142,29.18
1965,4142.69,163,25.42
1468,4131.73,81,51.01
1783,4125.89,91,45.34
1754,4120.16,209,19.71
714,4117.34,294,14.0
1814,4107.85,52,79.0
1546,4095.3699,113,36.24
1001,4082.0,90,45.36
1914,4075.95,157,25.96
1363,4075.4,58,70.27
1617,4067.8,104,39.11
1317,4065.24,196,20.74
2036,4064.45,49,82.95
955,4053.69,274,14.79
1505,4053.23,103,39.35
1412,4053.15,77,52.64
857,4040.81,43,93.97
2018,4038.15,148,27.28
1810,4025.5898,266,15.13
706,4024.6,133,30.26
1353,4019.91,132,30.45
86,4019.44,46,87.38
807,4014.02,123,32.63
1759,4009.62,219,18.31
1236,3993.01,194,20.58
1806,3979.6,139,28.63
612,3978.72,144,27.63
732,3967.82,104,38.15
293,3957.66,108,36.64
961,3956.27,72,54.95
742,3950.96,328,12.05
79,3950.1199,154,25.65
1545,3948.53,174,22.69
1763,3919.3699,149,26.3
779,3918.28,86,45.56
64,3917.81,264,14.84
804,3917.74,221,17.73
1123,3915.81,73,53.64
384,3914.84,80,48.94
1735,3902.77,93,41.97
623,3899.16,124,31.44
393,3895.24,180,21.64
1420,3891.97,79,49.27
692,3891.14,124,31.38
490,3886.8699,80,48.59
1607,3882.88,138,28.14
1145,3875.17,81,47.84
1517,3871.04,135,28.67
1816,3869.51,160,24.18
1548,3850.53,112,34.38
1622,3844.31,106,36.27
1520,3839.36,142,27.04
1425,3828.6,131,29.23
305,3827.02,141,27.14
597,3826.25,100,38.26
133,3823.89,75,50.99
1227,3810.36,86,44.31
1015,3807.72,108,35.26
983,3807.15,196,19.42
1154,3803.55,127,29.95
1556,3799.8,138,27.53
353,3799.2,125,30.39
1577,3794.61,82,46.28
752,3792.56,106,35.78
2095,3790.49,164,23.11
1406,3790.44,116,32.68
1939,3784.6199,75,50.46
1147,3779.3599,57,66.3
434,3778.75,117,32.3
192,3778.08,95,39.77
1261,3777.98,228,16.57
210,3772.56,147,25.66
644,3772.03,214,17.63
1834,3769.5,135,27.92
1687,3766.27,106,35.53
916,3764.6,206,18.27
1872,3762.97,162,23.23
319,3758.5,109,34.48
957,3754.9,576,6.52
576,3750.1199,167,22.46
205,3749.64,106,35.37
1375,3745.41,122,30.7
517,3742.89,105,35.65
1067,3741.92,62,60.35
1511,3740.16,149,25.1
1316,3736.48,58,64.42
710,3724.48,229,16.26
1776,3724.26,231,16.12
1188,3722.22,149,24.98
715,3712.14,178,20.85
1004,3708.72,253,14.66
1417,3703.93,75,49.39
543,3697.55,104,35.55
911,3696.76,75,49.29
971,3676.15,126,29.18
1403,3673.26,151,24.33
1117,3667.44,186,19.72
1800,3667.31,85,43.14
405,3652.97,98,37.28
480,3646.39,92,39.63
1869,3630.62,119,30.51
1574,3616.03,28,129.14
1540,3598.69,143,25.17
1794,3594.48,77,46.68
464,3590.49,173,20.75
527,3581.52,130,27.55
928,3571.7,137,26.07
1708,3571.6,58,61.58
1025,3552.13,81,43.85
1976,3546.81,165,21.5
297,3535.6199,114,31.01
138,3529.19,68,51.9
1822,3516.44,218,16.13
680,3513.02,96,36.59
1962,3512.55,132,26.61
1730,3509.78,167,21.02
1779,3508.58,109,32.19
1258,3502.45,232,15.1
109,3501.07,104,33.66
1011,3495.2,140,24.97
432,3486.55,257,13.57
1627,3484.02,114,30.56
1458,3480.63,126,27.62
816,3468.66,106,32.72
110,3461.32,185,18.71
1463,3460.15,139,24.89
1270,3455.32,73,47.33
1731,3451.81,72,47.94
1017,3436.26,63,54.54
943,3434.14,144,23.85
1069,3433.27,55,62.42
1732,3427.3,98,34.97
741,3414.6,88,38.8
1719,3402.45,83,40.99
7,3400.05,59,57.63
370,3386.78,133,25.46
32,3381.82,116,29.15
1896,3378.34,129,26.19
1104,3378.16,118,28.63
71,3376.03,90,37.51
632,3370.68,94,35.86
428,3361.43,95,35.38
1347,3360.34,131,25.65
1773,3356.9,91,36.89
877,3355.07,63,53.26
598,3354.9,213,15.75
2053,3351.34,165,20.31
93,3346.72,106,31.57
1756,3344.29,67,49.91
546,3339.0,122,27.37
590,3338.41,134,24.91
922,3336.99,150,22.25
1190,3327.02,253,13.15
606,3323.12,97,34.26
114,3315.63,88,37.68
1946,3312.46,49,67.6
923,3305.54,164,20.16
1481,3298.77,164,20.11
1291,3290.01,103,31.94
540,3280.73,93,35.28
1058,3280.18,563,5.83
2065,3268.33,89,36.72
1488,3246.92,76,42.72
1621,3231.48,90,35.91
287,3229.28,271,11.92
1781,3228.57,93,34.72
123,3222.65,174,18.52
603,3219.5,182,17.69
1484,3209.39,106,30.28
473,3208.71,70,45.84
688,3207.6099,28,114.56
687,3205.8,69,46.46
607,3203.01,216,14.83
663,3199.53,105,30.47
764,3196.78,112,28.54
621,3179.15,142,22.39
562,3178.11,79,40.23
377,3166.45,133,23.81
23,3158.58,110,28.71
776,3153.7,72,43.8
731,3151.31,233,13.52
2057,3150.45,125,25.2
25,3149.65,94,33.51
1792,3140.33,126,24.92
918,3135.38,152,20.63
1942,3135.06,151,20.76
567,3134.9,254,12.34
266,3130.22,59,53.05
381,3120.79,93,33.56
2034,3118.35,140,22.27
784,3117.66,134,23.27
1824,3117.11,165,18.89
288,3114.77,92,33.86
1066,3114.34,245,12.71
573,3111.55,102,30.51
41,3107.13,73,42.56
57,3105.8699,194,16.01
1369,3105.71,144,21.57
1922,3096.94,113,27.41
442,3094.71,214,14.46
1218,3093.53,96,32.22
1016,3089.84,40,77.25
336,3089.74,120,25.75
350,3083.25,103,29.93
1382,3082.47,116,26.57
1064,3074.68,44,69.88
139,3073.33,83,37.03
1747,3066.6,92,33.33
993,3064.8699,126,24.32
583,3063.34,156,19.64
1357,3061.9,87,35.19
736,3061.6199,60,51.03
166,3059.69,122,25.08
797,3059.57,92,33.26
1109,3059.0,87,35.16
2094,3055.52,75,40.74
1989,3052.87,153,19.95
212,3052.66,109,28.01
495,3050.52,73,41.79
51,3046.86,83,36.71
1306,3041.69,171,17.79
162,3037.54,71,42.78
1131,3034.77,102,29.75
1128,3027.0,234,12.94
329,3026.71,146,20.73
1925,3019.2,118,25.59
978,3014.35,71,42.46
1073,3014.08,121,24.91
1268,3013.56,71,42.44
417,3012.96,84,35.87
1918,3012.49,69,43.66
1087,3010.24,149,20.2
314,3004.01,41,73.27
80,3002.09,94,31.94
578,2996.69,117,25.61
596,2996.3699,113,26.52
1187,2996.18,133,22.53
165,2995.47,174,17.22
1836,2991.96,93,32.17
1833,2991.81,83,36.05
362,2987.49,91,32.83
1594,2986.13,118,25.31
700,2981.04,39,76.44
37,2976.66,63,47.25
1791,2970.1,140,21.22
2040,2968.51,422,7.03
484,2964.51,137,21.64
1753,2964.05,456,6.5
348,2961.83,126,23.51
1300,2959.65,84,35.23
1467,2957.82,835,3.54
903,2949.56,72,40.97
1765,2949.01,62,47.56
873,2938.15,113,26.0
2084,2937.95,132,22.26
385,2929.72,41,71.46
1881,2913.96,119,24.49
1729,2910.6099,85,34.24
1158,2903.2,219,13.26
1526,2901.09,199,14.58
91,2899.66,181,16.02
1916,2885.7,150,19.24
221,2879.29,79,36.45
1537,2878.58,148,19.45
132,2875.24,98,29.34
73,2864.18,164,17.46
1858,2860.07,67,42.69
944,2859.76,104,27.5
325,2850.58,75,38.01
1578,2846.81,94,30.29
790,2842.63,58,49.01
1374,2841.56,99,28.7
1389,2841.16,41,69.3
356,2837.33,234,12.13
1325,2835.99,64,44.31
708,2828.06,68,41.59
697,2823.59,62,45.54
249,2823.23,137,20.61
335,2822.18,147,19.2
1659,2820.61,130,21.7
1287,2818.0,159,17.72
763,2815.58,40,70.39
1151,2808.91,159,17.67
136,2804.82,77,36.43
1524,2800.81,60,46.68
533,2792.8699,64,43.64
1157,2779.86,104,26.73
1116,2779.14,64,43.42
681,2773.19,66,42.02
1368,2766.97,32,86.47
901,2766.7,76,36.4
1293,2762.8,176,15.7
14,2761.19,140,19.72
614,2757.24,122,22.6
157,2748.95,172,15.98
777,2745.75,40,68.64
223,2738.98,118,23.21
1418,2735.2,78,35.07
1297,2733.28,147,18.59
672,2731.15,121,22.57
1344,2728.78,27,101.07
1559,2725.42,60,45.42
1953,2722.81,113,24.1
483,2718.99,98,27.74
1431,2718.4,155,17.54
1689,2711.79,122,22.23
748,2709.18,84,32.25
445,2696.5,232,11.62
1072,2694.8,61,44.18
338,2690.97,154,17.47
257,2689.99,122,22.05
848,2684.13,29,92.56
1932,2678.78,74,36.2
1847,2678.71,103,26.01
733,2678.56,76,35.24
1930,2674.9,182,14.7
108,2671.16,62,43.08
1457,2667.34,39,68.39
1324,2667.23,42,63.51
1849,2666.5,162,16.46
545,2660.28,56,47.51
214,2657.91,86,30.91
1217,2656.9,54,49.2
1996,2654.2,119,22.3
3,2653.21,47,56.45
443,2644.21,103,25.67
467,2642.99,145,18.23
1427,2640.47,83,31.81
1696,2640.01,62,42.58
1960,2637.78,93,28.36
258,2631.11,211,12.47
2030,2628.1,90,29.2
1724,2626.98,95,27.65
216,2624.5,120,21.87
843,2619.23,74,35.39
1678,2613.99,79,33.09
1543,2612.4,84,31.1
885,2602.8,87,29.92
1681,2602.28,90,28.91
1796,2601.06,60,43.35
1269,2595.17,109,23.81
1494,2595.09,85,30.53
701,2593.56,39,66.5
738,2593.12,101,25.67
119,2593.01,62,41.82
1745,2591.48,125,20.73
2063,2591.43,81,31.99
823,2590.15,117,22.14
1003,2588.73,63,41.09
307,2582.03,415,6.22
1639,2578.1,110,23.44
312,2578.05,40,64.45
1350,2568.6,131,19.61
117,2568.21,94,27.32
364,2566.92,86,29.85
2068,2561.4,108,23.72
1440,2551.58,100,25.52
841,2550.37,157,16.24
98,2547.3,205,12.43
1328,2544.89,96,26.51
1572,2544.41,52,48.93
1126,2543.36,28,90.83
1550,2542.45,338,7.52
1963,2542.45,50,50.85
401,2538.88,96,26.45
954,2537.43,53,47.88
1354,2534.76,87,29.14
946,2530.45,136,18.61
1410,2525.94,45,56.13
220,2525.24,91,27.75
953,2513.39,114,22.05
2033,2512.78,109,23.05
691,2511.33,54,46.51
637,2510.04,113,22.21
78,2505.14,210,11.93
787,2504.59,190,13.18
273,2500.86,127,19.69
1983,2497.9,38,65.73
563,2488.77,72,34.57
414,2488.65,153,16.27
1121,2486.64,61,40.76
1010,2486.39,91,27.32
1191,2485.8699,98,25.37
1405,2480.88,55,45.11
1968,2479.97,89,27.86
291,2474.49,61,40.57
1464,2474.4,76,32.56
1032,2473.76,92,26.89
408,2470.99,56,44.12
1005,2470.09,180,13.72
1358,2466.68,123,20.05
1364,2466.05,145,17.01
308,2465.26,83,29.7
2002,2465.1199,63,39.13
1883,2460.98,126,19.53
1544,2457.93,54,45.52
1798,2457.51,42,58.51
1460,2455.68,57,43.08
1772,2452.88,97,25.29
2056,2450.8,108,22.69
879,2448.6,96,25.51
960,2447.49,106,23.09
1474,2445.87,72,33.97
424,2441.79,24,101.74
1972,2435.73,120,20.3
217,2435.12,65,37.46
558,2426.35,115,21.1
412,2426.3,112,21.66
1519,2425.66,30,80.86
594,2421.39,104,23.28
322,2418.88,71,34.07
2055,2408.74,133,18.11
1089,2404.98,96,25.05
228,2404.81,87,27.64
1841,2401.78,32,75.06
1129,2401.41,73,32.9
1940,2392.72,75,31.9
1570,2389.96,51,46.86
1506,2389.2,144,16.59
622,2384.3699,147,16.22
1998,2383.54,331,7.2
430,2377.09,107,22.22
451,2376.28,161,14.76
280,2375.86,105,22.63
595,2373.74,146,16.26
1592,2371.59,52,45.61
441,2369.9,76,31.18
1224,2363.78,92,25.69
1084,2363.16,225,10.5
2059,2359.1199,54,43.69
1514,2355.31,57,41.32
122,2354.22,132,17.83
1012,2342.51,121,19.36
514,2339.27,66,35.44
924,2336.18,95,24.59
1894,2335.47,42,55.61
987,2334.53,75,31.13
2008,2332.45,68,34.3
1426,2330.8699,65,35.86
654,2330.08,146,15.96
47,2329.13,111,20.98
1928,2328.3699,114,20.42
309,2325.59,22,105.71
142,2324.19,176,13.21
2078,2323.92,92,25.26
436,2318.74,30,77.29
808,2317.9,206,11.25
611,2316.24,73,31.73
1392,2315.07,109,21.24
542,2313.52,123,18.81
604,2311.65,56,41.28
947,2305.51,221,10.43
470,2305.0,156,14.78
549,2299.35,98,23.46
502,2298.84,57,40.33
100,2294.6199,33,69.53
2092,2290.54,122,18.77
552,2289.47,44,52.03
778,2285.59,123,18.58
1691,2283.69,50,45.67
1668,2283.69,94,24.29
1051,2275.67,55,41.38
251,2268.51,83,27.33
1102,2263.4,81,27.94
2039,2260.46,74,30.55
1650,2259.16,106,21.31
1912,2256.45,96,23.5
640,2253.25,92,24.49
770,2246.36,43,52.24
1969,2246.2,230,9.77
1402,2245.76,165,13.61
211,2244.06,112,20.04
1076,2241.01,86,26.06
1356,2239.34,86,26.04
344,2237.91,48,46.62
1586,2237.21,72,31.07
402,2233.84,80,27.92
1119,2232.75,68,32.83
121,2225.58,112,19.87
1547,2222.05,289,7.69
1443,2221.48,182,12.21
996,2220.85,139,15.98
726,2220.15,71,31.27
1931,2211.08,101,21.89
1862,2210.04,142,15.56
642,2208.34,64,34.51
1080,2206.1099,84,26.26
941,2206.06,122,18.08
952,2201.47,111,19.83
1181,2196.58,89,24.68
1664,2194.31,41,53.52
1485,2187.88,66,33.15
863,2183.53,146,14.96
1933,2180.22,85,25.65
1330,2177.55,86,25.32
1746,2177.16,49,44.43
753,2177.13,50,43.54
416,2177.04,29,75.07
933,2175.19,79,27.53
1956,2174.55,60,36.24
1502,2160.82,47,45.97
1174,2156.65,122,17.68
1596,2154.63,28,76.95
802,2154.43,59,36.52
999,2154.25,57,37.79
1926,2145.71,73,29.39
159,2143.87,86,24.93
2066,2141.78,112,19.12
1709,2141.64,87,24.62
1742,2140.0999,282,7.59
1018,2138.59,167,12.81
185,2137.62,68,31.44
1438,2130.77,41,51.97
420,2130.58,99,21.52
144,2126.31,88,24.16
342,2125.51,48,44.28
1296,2124.43,80,26.56
1567,2124.23,155,13.7
1137,2121.89,134,15.83
28,2119.6199,125,16.96
1499,2106.09,89,23.66
1632,2104.91,64,32.89
180,2103.4,68,30.93
474,2102.36,36,58.4
155,2101.05,52,40.4
1642,2096.12,125,16.77
1446,2095.83,44,47.63
398,2092.6,125,16.74
785,2089.8,103,20.29
1021,2086.1199,99,21.07
799,2084.11,68,30.65
1132,2073.6199,58,35.75
520,2071.15,112,18.49
1239,2068.5,26,79.56
2069,2068.17,89,23.24
813,2065.1,33,62.58
1387,2057.95,66,31.18
985,2057.47,110,18.7
481,2055.92,49,41.96
278,2053.56,84,24.45
1155,2053.02,41,50.07
684,2052.67,107,19.18
1071,2052.29,84,24.43
1307,2049.58,174,11.78
74,2047.64,131,15.63
1332,2047.26,60,34.12
1660,2045.5,62,32.99
964,2044.85,88,23.24
1204,2043.13,81,25.22
65,2042.1699,122,16.74
1758,2041.93,70,29.17
1241,2041.45,91,22.43
1680,2039.68,51,39.99
803,2036.84,65,31.34
963,2036.66,43,47.36
1082,2032.54,142,14.31
178,2028.47,119,17.05
950,2027.0,58,34.95
1651,2025.08,65,31.16
170,2024.51,45,44.99
757,2023.37,40,50.58
1692,2017.18,150,13.45
106,2014.66,67,30.07
1826,1994.47,111,17.97
1957,1994.23,44,45.32
974,1993.0599,43,46.35
1470,1991.33,133,14.97
655,1991.29,61,32.64
1964,1990.12,68,29.27
743,1988.97,71,28.01
1549,1988.91,177,11.24
42,1985.86,89,22.31
2028,1984.73,91,21.81
524,1984.58,72,27.56
1784,1980.62,40,49.52
1790,1978.83,47,42.1
2003,1976.48,42,47.06
833,1975.5599,34,58.1
1877,1975.04,64,30.86
1284,1974.49,160,12.34
1987,1973.54,76,25.97
1542,1969.93,116,16.98
1182,1966.38,124,15.86
1954,1965.65,143,13.75
53,1962.26,56,35.04
2,1954.34,45,43.43
907,1953.06,92,21.23
1716,1950.26,180,10.83
1812,1948.99,104,18.74
852,1943.73,95,20.46
26,1937.39,113,17.15
1048,1934.45,103,18.78
1890,1934.45,51,37.93
1136,1934.11,59,32.78
197,1929.23,55,35.08
1920,1927.74,93,20.73
1448,1927.33,80,24.09
1702,1927.05,30,64.24
945,1926.03,51,37.77
1683,1920.99,86,22.34
1231,1919.79,55,34.91
1532,1916.02,86,22.28
1196,1915.95,27,70.96
2027,1915.28,133,14.4
24,1911.11,74,25.83
648,1910.4,73,26.17
1582,1907.02,37,51.54
1288,1896.5,55,34.48
1124,1896.39,79,24.0
1112,1889.45,52,36.34
1793,1888.55,63,29.98
1321,1888.13,204,9.26
865,1887.73,35,53.94
1452,1884.05,374,5.04
194,1882.8099,73,25.79
265,1881.76,53,35.5
760,1872.52,70,26.75
158,1869.79,180,10.39
1861,1868.45,123,15.19
602,1850.07,53,34.91
1508,1849.2,81,22.83
482,1848.52,61,30.3
188,1847.62,43,42.97
1761,1845.46,31,59.53
2077,1835.18,109,16.84
914,1834.08,60,30.57
1663,1834.06,196,9.36
793,1832.03,107,17.12
1825,1831.84,43,42.6
529,1831.14,56,32.7
913,1830.63,69,26.53
1115,1828.64,51,35.86
986,1827.87,90,20.31
515,1826.73,47,38.87
1808,1824.33,96,19.0
1331,1821.03,105,17.34
435,1817.22,93,19.54
279,1816.62,53,34.28
390,1806.02,108,16.72
1705,1805.9299,176,10.26
2023,1805.63,109,16.57
1889,1803.8,46,39.21
1967,1802.9299,73,24.7
815,1802.37,47,38.35
652,1800.09,48,37.5
302,1797.53,95,18.92
1859,1791.28,35,51.18
396,1790.73,107,16.74
1593,1789.1,43,41.61
627,1785.46,45,39.68
541,1784.19,47,37.96
1338,1783.98,189,9.44
264,1783.07,61,29.23
1495,1779.86,165,10.79
1658,1778.67,69,25.78
1233,1778.52,38,46.8
406,1776.65,45,39.48
479,1773.3,185,9.59
1905,1772.91,81,21.89
1580,1771.02,201,8.81
172,1770.87,159,11.14
269,1764.76,84,21.01
1839,1764.15,99,17.82
965,1764.07,52,33.92
1717,1757.9,88,19.98
1698,1757.51,38,46.25
694,1756.64,154,11.41
1857,1755.3,82,21.41
862,1753.9,71,24.7
794,1752.5,32,54.77
2037,1743.97,97,17.98
1223,1743.69,57,30.59
1782,1742.85,37,47.1
1120,1737.84,87,19.98
1713,1733.8099,37,46.86
2071,1732.97,215,8.06
2016,1728.53,126,13.72
818,1724.59,52,33.17
140,1720.64,140,12.29
1672,1718.08,75,22.91
357,1704.27,22,77.47
244,1698.95,41,41.44
2073,1697.23,72,23.57
419,1696.61,46,36.88
1423,1695.76,189,8.97
830,1694.32,231,7.33
646,1691.72,41,41.26
1267,1689.84,66,25.6
2029,1688.9,46,36.72
59,1688.33,44,38.37
458,1685.64,127,13.27
1973,1683.5499,130,12.95
330,1679.38,189,8.89
720,1678.7999,86,19.52
547,1676.76,55,30.49
1512,1674.23,93,18.0
215,1672.66,142,11.78
181,1670.82,39,42.84
447,1670.44,136,12.28
937,1669.89,68,24.56
339,1668.92,67,24.91
1523,1668.3,67,24.9
609,1665.89,162,10.28
781,1665.51,57,29.22
1949,1658.96,54,30.72
1266,1657.11,115,14.41
801,1652.07,29,56.97
343,1650.64,67,24.64
938,1647.36,26,63.36
1450,1647.2,90,18.3
1902,1646.0,21,78.38
1525,1645.25,38,43.3
1575,1642.49,55,29.86
2043,1640.79,65,25.24
1295,1637.41,68,24.08
829,1635.21,32,51.1
1961,1634.22,92,17.76
1200,1619.45,30,53.98
1407,1615.94,35,46.17
1700,1606.69,33,48.69
2010,1605.98,58,27.69
1948,1602.32,83,19.31
1038,1602.0,275,5.83
1911,1601.27,124,12.91
677,1600.99,45,35.58
224,1600.8,56,28.59
544,1594.85,131,12.17
737,1593.51,52,30.64
236,1591.78,47,33.87
92,1587.38,57,27.85
798,1586.58,54,29.38
765,1586.58,30,52.89
1685,1571.37,97,16.2
1624,1567.81,82,19.12
394,1565.89,65,24.09
935,1564.67,57,27.45
836,1564.35,75,20.86
1127,1563.53,29,53.91
183,1560.67,136,11.48
153,1558.65,92,16.94
536,1557.13,87,17.9
782,1557.05,70,22.24
1665,1556.84,108,14.42
1785,1555.7,75,20.74
634,1555.15,35,44.43
1019,1553.5599,53,29.31
1646,1553.53,68,22.85
649,1553.45,55,28.24
476,1551.27,29,53.49
1329,1546.05,31,49.87
769,1543.63,46,33.56
450,1540.45,65,23.7
2048,1538.46,47,32.73
160,1536.09,57,26.95
754,1535.13,32,47.97
1383,1532.65,128,11.97
927,1530.88,46,33.28
962,1530.44,53,28.88
471,1530.12,51,30.0
475,1525.02,41,37.2
554,1524.33,21,72.59
1844,1523.8,83,18.36
1768,1522.47,70,21.75
1728,1517.1799,21,72.25
111,1515.65,51,29.72
1289,1512.08,525,2.88
16,1512.02,98,15.43
462,1510.63,97,15.57
1809,1509.41,61,24.74
1690,1508.04,59,25.56
2009,1506.88,33,45.66
1456,1506.5,69,21.83
1507,1499.37,26,57.67
1062,1495.76,216,6.92
281,1495.08,79,18.93
1301,1494.22,80,18.68
1077,1492.81,36,41.47
2014,1489.89,44,33.86
2038,1489.8,59,25.25
1298,1487.99,50,29.76
1733,1487.37,34,43.75
147,1487.21,36,41.31
1192,1482.54,100,14.83
530,1476.22,53,27.85
875,1473.27,68,21.67
1487,1471.28,38,38.72
145,1470.49,59,24.92
919,1469.45,135,10.88
1075,1469.02,67,21.93
847,1463.32,53,27.61
1643,1461.4,46,31.77
1921,1460.12,104,14.04
1978,1459.6799,89,16.4
507,1455.43,66,22.05
152,1454.28,37,39.3
1981,1450.68,100,14.51
1684,1449.58,50,28.99
1555,1446.54,89,16.25
1819,1446.23,68,21.27
1088,1439.61,91,15.82
2005,1439.19,52,27.68
201,1435.17,48,29.9
869,1428.67,130,10.99
1661,1425.4,44,32.4
1671,1420.41,38,37.38
991,1419.88,31,45.8
1362,1418.76,61,23.26
650,1415.65,78,18.15
643,1415.59,31,45.66
1225,1415.38,76,18.62
1780,1413.68,43,32.88
1165,1413.52,57,24.8
391,1412.64,49,28.83
537,1411.25,45,31.36
1265,1409.87,49,28.77
561,1404.36,26,54.01
570,1400.11,35,40.0
1608,1399.89,40,35.0
1083,1396.9299,54,25.87
245,1396.45,48,29.09
981,1394.11,36,38.73
2021,1393.24,77,18.09
1701,1390.28,31,44.85
227,1390.25,135,10.3
1257,1389.12,31,44.81
705,1385.93,93,14.9
861,1382.53,34,40.66
662,1381.73,39,35.43
128,1381.08,41,33.68
1738,1379.36,62,22.25
1133,1377.66,115,11.98
1161,1377.57,63,21.87
271,1375.52,98,14.04
1518,1373.77,34,40.41
1007,1368.97,122,11.22
2011,1367.34,104,13.15
1033,1366.97,26,52.58
1993,1359.33,82,16.58
1832,1357.55,55,24.68
311,1351.13,51,26.49
1345,1348.5599,56,24.08
368,1346.46,53,25.4
1569,1345.59,104,12.94
1891,1344.71,38,35.39
29,1343.03,69,19.46
112,1342.65,80,16.78
580,1337.7,98,13.65
1372,1337.07,25,53.48
1185,1334.18,61,21.87
1818,1333.43,72,18.52
980,1330.22,29,45.87
1063,1327.48,57,23.29
1068,1321.85,111,11.91
734,1319.76,76,17.37
617,1315.54,27,48.72
534,1315.44,465,2.83
1686,1313.76,95,13.83
535,1308.76,34,38.49
1152,1305.66,77,16.96
2096,1301.65,26,50.06
795,1295.91,45,28.8
716,1290.68,81,15.93
1601,1288.54,23,56.02
388,1286.54,58,22.18
1194,1276.74,62,20.59
2032,1274.78,66,19.31
759,1274.09,41,31.08
331,1273.3,65,19.59
1195,1271.09,41,31.0
539,1269.09,65,19.52
167,1268.02,20,63.4
940,1261.62,65,19.41
444,1261.62,44,28.67
1030,1260.29,30,42.01
1851,1255.55,41,30.62
506,1254.17,32,39.19
455,1253.4,25,50.14
850,1252.91,97,12.92
1581,1249.26,28,44.62
333,1248.8099,39,32.02
1404,1248.19,44,28.37
286,1245.24,41,30.37
247,1243.06,59,21.07
318,1242.25,92,13.5
261,1241.87,44,28.22
1122,1236.98,77,16.06
1616,1235.72,38,32.52
625,1233.92,34,36.29
148,1231.76,55,22.4
1036,1231.17,27,45.6
723,1230.83,23,53.51
1492,1226.29,95,12.91
151,1226.14,49,25.02
107,1222.83,41,29.83
984,1219.71,32,38.12
566,1218.08,146,8.34
995,1217.16,21,57.96
2001,1214.28,35,34.69
1560,1209.04,44,27.48
174,1208.39,27,44.76
84,1208.09,52,23.23
226,1205.0599,50,24.1
698,1204.49,127,9.48
1055,1204.41,81,14.87
1755,1202.51,31,38.79
87,1202.3,45,26.72
2090,1201.03,56,21.45
33,1200.74,52,23.09
4,1200.11,30,40.0
1562,1198.02,39,30.72
1636,1197.77,22,54.44
459,1194.94,67,17.83
1359,1192.68,76,15.69
508,1190.51,55,21.65
1086,1188.61,30,39.62
83,1183.74,110,10.76
2013,1182.47,94,12.58
96,1182.43,59,20.04
2026,1181.63,18,65.65
1838,1179.61,34,34.69
1695,1174.5599,160,7.34
1346,1174.31,80,14.68
48,1172.83,50,23.46
1637,1170.13,66,17.73
1777,1169.97,75,15.6
1743,1168.94,43,27.18
75,1167.09,64,18.24
824,1167.03,57,20.47
747,1166.73,136,8.58
200,1166.63,80,14.58
812,1165.27,93,12.53
1140,1164.18,21,55.44
912,1164.11,20,58.21
1259,1163.62,33,35.26
182,1162.34,36,32.29
1469,1160.0,44,26.36
729,1159.32,32,36.23
259,1158.33,54,21.45
910,1158.11,34,34.06
175,1154.02,51,22.63
1252,1152.78,46,25.06
1903,1152.32,40,28.81
668,1151.04,57,20.19
410,1148.42,129,8.9
628,1147.99,18,63.78
1979,1146.67,101,11.35
1153,1142.86,65,17.58
1395,1142.42,40,28.56
1141,1137.28,59,19.28
887,1133.71,48,23.62
1649,1132.4,48,23.59
1606,1131.91,21,53.9
177,1130.58,50,22.61
828,1123.16,37,30.36
667,1121.2,66,16.99
775,1121.0,33,33.97
846,1120.9,34,32.97
2025,1119.54,33,33.93
35,1119.51,60,18.66
512,1114.44,25,44.58
571,1114.16,16,69.64
730,1111.69,92,12.08
719,1098.51,34,32.31
584,1098.3,56,19.61
1787,1097.5,61,17.99
894,1095.29,31,35.33
1867,1093.51,75,14.58
1970,1091.08,69,15.81
1744,1088.62,58,18.77
1522,1086.5599,35,31.04
1552,1084.76,35,30.99
2035,1083.62,68,15.94
1666,1078.47,82,13.15
1208,1078.06,54,19.96
1037,1076.69,33,32.63
959,1074.69,60,17.91
427,1073.01,53,20.25
55,1072.79,141,7.61
1994,1069.0,43,24.86
890,1068.91,31,34.48
749,1066.62,77,13.85
1027,1064.99,41,25.98
1699,1064.84,29,36.72
735,1062.25,92,11.55
137,1062.17,38,27.95
531,1060.64,40,26.52
1290,1060.24,34,31.18
1319,1059.79,48,22.08
340,1057.5599,29,36.47
1408,1055.29,57,18.51
1047,1052.94,80,13.16
658,1052.48,49,21.48
1237,1051.16,20,52.56
1500,1051.12,54,19.47
1482,1042.35,18,57.91
1465,1038.52,56,18.55
316,1037.78,53,19.58
977,1036.52,34,30.49
1054,1035.19,41,25.25
369,1034.95,35,29.57
1938,1032.95,28,36.89
1399,1032.63,33,31.29
1313,1030.97,30,34.37
1466,1029.47,38,27.09
1817,1024.72,48,21.35
666,1020.7,100,10.21
1945,1020.57,19,53.71
1958,1017.86,35,29.08
229,1004.89,40,25.12
1198,1004.6,44,22.83
1952,1003.87,36,27.89
1079,1001.3,50,20.03
2044,1000.83997,49,20.43
1156,999.33,29,34.46
2049,998.12,36,27.73
1171,996.6,34,29.31
207,995.72,21,47.42
664,995.08,31,32.1
1093,993.76,33,30.11
1043,988.73,19,52.04
1715,983.52997,53,18.56
422,983.32,20,49.17
1554,982.76,46,21.36
1531,978.91,45,21.75
1335,978.87,31,31.58
399,978.48,17,57.56
292,977.07,83,11.77
1002,973.93,30,32.46
15,972.52997,55,17.68
1688,971.12,36,26.98
1114,970.95,44,22.07
915,970.11,119,8.15
930,966.88,43,22.49
202,964.88,37,26.08
1498,960.18,26,36.93
1189,954.20996,51,18.71
433,949.82,76,12.5
1697,949.01,42,22.6
1013,947.02997,35,27.06
834,946.27997,28,33.8
1652,946.0,39,24.26
1118,945.89,16,59.12
1092,944.69,42,22.49
1493,943.13,25,37.73
337,933.59,61,15.3
1513,931.89,64,14.56
204,929.27,57,16.3
1895,927.56,49,18.93
270,923.46,41,22.52
486,922.39,29,31.81
2081,921.83997,35,26.34
1210,921.33,37,24.9
1600,914.7,64,14.29
403,914.56,46,19.88
774,909.96,16,56.87
1875,909.05,44,20.66
203,908.83,42,21.64
1842,906.65,19,47.72
498,904.18,58,15.59
572,903.15,45,20.07
525,902.77,40,22.57
773,899.63,22,40.89
1304,899.49,90,9.99
1913,895.76,49,18.28
1235,894.0,20,44.7
1667,891.1,42,21.22
904,890.25,31,28.72
43,884.84,106,8.35
1530,879.93,48,18.33
44,877.76,32,27.43
1107,877.32,22,39.88
1887,876.88,88,9.96
1168,874.23,69,12.67
395,872.91,68,12.84
21,870.11,27,32.23
1615,869.28,42,20.7
349,869.16,34,25.56
1718,868.69,35,24.82
154,867.18,30,28.91
822,866.56,42,20.63
521,858.8,53,16.2
1310,857.98,34,25.23
550,854.91,39,21.92
551,853.65,52,16.42
126,853.45,31,27.53
1496,852.95,12,71.08
1811,852.56,16,53.28
905,851.93,31,27.48
246,847.25,47,18.03
839,846.7,10,84.67
1150,845.39,14,60.39
146,843.02,41,20.56
564,842.45,52,16.2
1034,840.87,70,12.01
897,840.23,62,13.55
1371,835.71,45,18.57
2091,834.56,15,55.64
1874,834.29,33,25.28
1242,830.11,35,23.72
1384,827.46,33,25.07
449,827.44,34,24.34
1725,826.74,19,43.51
992,823.35,102,8.07
1219,823.08,121,6.8
1455,820.18,14,58.58
519,819.13,32,25.6
1429,818.56,83,9.86
1604,818.41003,156,5.25
477,812.27997,65,12.5
268,809.21,30,26.97
45,807.08997,57,14.16
585,805.07,42,19.17
189,801.99,38,21.1
1597,801.63,54,14.85
1551,800.11,18,44.45
9,797.42,20,39.87
837,793.38,36,22.04
1805,792.2,77,10.29
1377,791.33997,35,22.61
1281,788.4,38,20.75
176,788.29,23,34.27
1220,787.04,31,25.39
452,786.99,26,30.27
1654,786.52997,40,19.66
1215,786.45,15,52.43
1999,783.33,52,15.06
5,779.06,40,19.48
1739,778.4,34,22.89
814,773.76,23,33.64
1880,773.39,36,21.48
1843,770.14996,42,18.34
1262,769.72,29,26.54
497,766.4,63,12.17
1207,765.37,108,7.09
659,760.89,32,23.78
460,760.45,113,6.73
639,759.83,79,9.62
1801,758.74,64,11.86
1302,757.95,36,21.05
277,754.05,31,24.32
1521,753.95,43,17.53
1860,753.42,58,12.99
499,753.36,70,10.76
1135,748.88,64,11.7
1950,746.74,31,24.09
453,742.95,34,21.85
1941,742.85,135,5.5
1910,741.83,26,28.53
171,740.46,25,29.62
326,739.72,26,28.45
1278,738.33997,19,38.86
1750,736.42,20,36.82
225,729.82,44,16.59
1605,729.22,57,12.79
1712,728.93,33,22.09
557,718.46,29,24.77
457,718.0,78,9.21
1898,717.71,48,14.95
135,717.5,74,9.7
665,715.98,39,18.36
1587,714.61,68,10.51
1908,714.31,38,18.8
1184,713.9,13,54.92
38,706.13,27,26.15
673,704.61,50,14.09
187,701.0,59,11.88
1868,700.96,39,17.97
1049,698.06,55,12.69
407,696.38,52,13.39
190,696.27997,23,30.27
382,694.7,34,20.43
556,693.86,15,46.26
238,693.4,28,24.76
970,691.45,15,46.1
2099,691.3,53,13.04
1125,691.1,89,7.77
756,690.42,24,28.77
1846,690.39,25,27.62
951,690.22,18,38.35
1311,685.63,17,40.33
124,683.41,61,11.2
1106,683.26,38,17.98
1099,683.13,28,24.4
2098,682.46,13,52.5
1827,682.23,41,16.64
811,680.23,39,17.44
2074,678.72,29,23.4
1611,677.46,51,13.28
884,674.35,70,9.63
255,672.09,18,37.34
199,667.97,54,12.37
1711,664.98,11,60.45
461,664.8,39,17.05
592,660.79,34,19.43
1373,657.52,40,16.44
1173,655.77,41,15.99
1221,652.33997,15,43.49
626,649.33,25,25.97
496,648.4,13,49.88
1657,647.9,50,12.96
116,647.72,83,7.8
593,646.4,57,11.34
233,645.39,15,43.03
1315,645.36,5,129.07
724,639.3,26,24.59
2046,638.8,48,13.31
1360,630.19,23,27.4
2060,629.9,32,19.68
1334,629.58,57,11.05
1878,625.64,35,17.88
1276,623.45,20,31.17
30,622.8,28,22.24
1213,622.22003,46,13.53
179,620.56,38,16.33
809,619.75,57,10.87
717,616.72,51,12.09
366,615.78,48,12.83
1361,608.58,11,55.33
213,606.5,9,67.39
1447,604.95,40,15.12
1244,603.45,34,17.75
1095,599.54,30,19.98
750,598.62,49,12.22
1424,595.22,57,10.44
1286,595.0,30,19.83
858,594.23,42,14.15
1884,592.73,30,19.76
1096,592.36,47,12.6
1629,590.71,9,65.63
63,589.6,33,17.87
1202,587.47,25,23.5
1401,587.37,52,11.3
994,581.45,21,27.69
780,579.72,67,8.65
1641,577.62,47,12.29
610,573.06,24,23.88
1253,570.15,24,23.76
746,569.05,39,14.59
439,568.21,38,14.95
1571,567.87,49,11.59
82,566.51,51,11.11
1351,564.4,91,6.2
1760,563.64,53,10.63
767,562.77,13,43.29
1951,561.48,18,31.19
555,561.02997,21,26.72
1439,555.56,33,16.84
721,553.57,46,12.03
191,552.85,34,16.26
2000,552.29,61,9.05
1638,552.18,51,10.83
854,551.87,36,15.33
237,549.58997,6,91.6
1486,548.32,14,39.17
1355,547.82,14,39.13
1871,547.41,20,27.37
1909,546.99,22,24.86
1628,546.77997,18,30.38
429,542.89,43,12.63
1934,542.87,15,36.19
103,541.99,51,10.63
713,540.9,24,22.54
347,540.76,15,36.05
810,540.1,37,14.6
1201,537.6,38,14.15
284,534.98,21,25.48
686,534.57,21,25.46
1771,532.2,11,48.38
431,531.67,36,14.77
1992,528.65,30,17.62
1497,527.3,9,58.59
1255,522.3,28,18.65
751,521.04,27,19.3
1292,520.32,27,19.27
1614,518.16,75,6.91
504,516.34,7,73.76
415,514.63,16,32.16
1340,512.52997,57,8.99
1435,511.78,13,39.37
130,511.62,20,25.58
1008,511.12,40,12.78
168,510.8,37,13.81
1538,504.92,32,15.78
1655,502.77,41,12.26
1105,500.14,9,55.57
565,498.06,21,23.72
320,497.41,19,26.18
448,493.37,45,10.96
1603,492.72,11,44.79
1249,491.62,23,21.37
2093,490.98,19,25.84
90,490.41,10,49.04
1232,488.49,22,22.2
917,488.48,44,11.1
1471,486.72,32,15.21
1915,485.8,28,17.35
925,485.24,79,6.14
1422,481.77,11,43.8
832,479.24,14,34.23
1148,478.59,26,18.41
501,478.13,22,21.73
1327,477.17,9,53.02
616,476.14,10,47.61
129,475.73,40,11.89
1576,471.11,18,26.17
1625,464.63998,41,11.33
821,464.56,17,27.33
1766,460.68,38,12.12
678,459.16998,57,8.06
1656,458.22,10,45.82
141,448.34,52,8.62
1565,447.91,31,14.45
360,447.6,37,12.1
796,445.65,50,8.91
892,443.31,22,20.15
94,442.63998,36,12.3
254,442.13998,43,10.28
372,440.42,10,44.04
1564,437.77,36,12.16
579,435.26,23,18.92
1341,434.77,13,33.44
1162,431.76,33,13.08
711,429.79,36,11.94
645,429.06,49,8.76
1280,427.63,24,17.82
260,425.04,30,14.17
1044,423.51,20,21.18
466,423.32,17,24.9
1026,412.54,26,15.87
1863,411.45,14,29.39
1786,409.73,44,9.31
34,407.38,36,11.32
488,406.96,20,20.35
1886,406.25,31,13.1
1449,405.83,39,10.41
1882,405.54,26,15.6
1398,404.96,20,20.25
532,401.88,23,17.47
272,401.62,7,57.37
1441,401.47,13,30.88
1561,401.41,6,66.9
60,400.94,8,50.12
1704,400.83,46,8.71
1644,397.47998,26,15.29
66,395.95,29,13.65
1799,395.47,52,7.61
341,393.5,30,13.12
1339,390.16,6,65.03
783,387.34,17,22.78
206,386.6,15,25.77
267,385.56,26,14.83
838,384.69,32,12.02
465,382.55,44,8.69
629,377.49,27,13.98
1736,374.48,22,17.02
528,373.83,17,21.99
1893,373.71,18,20.76
1573,372.87,96,3.88
651,370.53,8,46.32
789,370.3,26,14.24
240,365.61,31,11.79
635,362.9,34,10.67
1209,361.41998,23,15.71
1320,360.43,14,25.74
1706,360.07,18,20.0
62,359.29,33,10.89
1977,357.99,30,11.93
599,357.78,5,71.56
50,351.38998,15,23.43
1737,350.94,27,13.0
1380,349.81,25,13.99
613,347.31,11,31.57
615,346.4,24,14.43
758,344.91998,17,20.29
1413,344.06,27,12.74
1589,341.54,18,18.97
355,340.34,7,48.62
1721,339.59,17,19.98
1583,338.28,20,16.91
1177,337.97998,17,19.88
1840,337.21,37,9.11
792,337.11,23,14.66
1432,336.95,9,37.44
1283,332.46,49,6.78
827,326.88,20,16.34
1251,325.77,53,6.15
231,325.68,9,36.19
1348,324.22,23,14.1
1444,323.99,23,14.09
1308,320.58,23,13.94
1991,320.14,45,7.11
76,315.94,16,19.75
899,315.15,12,26.26
1100,313.41,26,12.05
958,313.37,11,28.49
1442,312.5,29,10.78
969,311.59,8,38.95
2045,310.64,19,16.35
1149,307.91,17,18.11
1090,307.87,12,25.66
2031,306.37,15,20.42
620,304.98,19,16.05
948,304.85,4,76.21
102,304.84,8,38.1
1904,304.26,28,10.87
1870,303.6,37,8.21
791,303.01,21,14.43
967,299.38,10,29.94
589,298.97,17,17.59
1669,297.97,10,29.8
1323,297.05,11,27.0
1645,296.52,8,37.06
516,295.23,17,17.37
1789,293.19,23,12.75
1108,292.1,22,13.28
478,286.02,20,14.3
1400,284.31,11,25.85
1477,279.2,15,18.61
2072,278.28,12,23.19
509,277.13998,16,17.32
1679,276.13,47,5.88
1853,274.38998,36,7.62
1414,274.03,17,16.12
835,273.81,17,16.11
163,272.52,17,16.03
772,271.88,42,6.47
1415,271.41,27,10.05
1472,269.54,4,67.39
1343,267.19,12,22.27
12,266.21,7,38.03
1885,265.35,13,20.41
1273,265.04,17,15.59
1714,264.72,9,29.41
1022,263.27,36,7.31
860,261.06,52,5.02
1322,260.65,16,16.29
234,260.64,19,13.72
1183,260.04,9,28.89
1230,258.53,20,12.93
169,255.58,24,10.65
1533,255.24,22,11.6
1757,253.11,10,25.31
1254,252.31,6,42.05
1855,251.95,11,22.9
1243,249.7,15,16.65
559,249.34,27,9.23
587,247.93001,27,9.18
990,247.12,16,15.44
120,242.31999,19,12.75
299,242.24,11,22.02
870,241.41,12,20.12
1176,240.84999,16,15.05
173,234.97,10,23.5
10,234.34,9,26.04
1813,233.45,4,58.36
1052,231.66,7,33.09
423,230.85,14,16.49
150,230.35,6,38.39
1986,230.06,12,19.17
327,226.71,27,8.4
2061,226.71,18,12.6
298,224.86,7,32.12
874,222.22,5,44.44
2054,217.6,26,8.37
446,212.05,30,7.07
375,203.94,24,8.5
1250,203.17,6,33.86
826,203.01,26,7.81
966,202.06,16,12.63
241,199.73,16,12.48
880,197.39,12,16.45
1212,195.27,6,32.55
1101,190.78,16,11.92
1516,189.66,15,12.64
505,188.54,18,10.47
1144,187.09,24,7.8
310,184.02,9,20.45
61,183.8,11,16.71
1035,183.04001,4,45.76
315,182.19,11,16.56
352,178.7,6,29.78
89,177.56,11,16.14
1143,173.31,12,14.44
359,172.84999,2,86.42
872,172.06999,9,19.12
683,170.06,9,18.9
619,168.98,5,33.8
851,166.78,21,7.94
1610,164.49,11,14.95
1199,163.56999,7,23.37
1741,161.99,15,10.8
1734,161.78,19,8.51
819,161.75,6,26.96
1006,161.48,11,14.68
739,160.06,6,26.68
1342,160.02,12,13.34
2089,159.96,34,4.7
1866,159.05,15,10.6
1682,158.93,10,15.89
1309,158.48,9,17.61
323,156.99,14,11.21
1480,152.20999,27,5.64
295,149.31,5,29.86
296,149.25,12,12.44
1727,149.01001,2,74.51
1553,140.84,16,8.8
1275,137.63,8,17.2
1888,135.61,11,12.33
902,135.23,10,13.52
1436,134.89,8,16.86
1381,134.4,49,2.74
487,133.68,9,14.85
2052,131.83,6,21.97
1411,131.52,6,21.92
1635,128.98,20,6.45
1009,125.52,23,5.46
1214,122.95,7,17.56
1028,121.91,12,10.16
1674,120.28,8,15.03
274,120.07,15,8.0
2067,120.01,6,20.0
657,119.8,20,5.99
1503,117.69,18,6.54
1386,111.15,8,13.89
1365,103.65,9,11.52
54,103.09,11,9.37
921,101.299995,9,11.26
373,96.91,13,7.45
1670,96.48,19,5.08
252,93.78,9,10.42
313,92.54,4,23.14
1416,91.65,6,15.28
1478,88.59,6,14.76
1876,86.19,5,17.24
500,84.82,5,16.96
440,83.88,6,13.98
1539,79.41,10,7.94
704,76.53,9,8.5
70,76.4,32,2.39
1059,72.909996,5,14.58
1433,70.04,8,8.76
1170,68.45,7,9.78
1504,66.33,3,22.11
186,59.52,3,19.84
379,55.64,2,27.82
363,52.399998,4,13.1
1647,50.49,12,4.21
1626,42.96,2,21.48
1830,39.44,1,39.44
1984,38.94,3,12.98
11,33.39,5,6.68
522,29.34,3,9.78
689,28.96,3,9.65
1897,19.58,1,19.58
494,8.17,1,8.17
