date,datatype,station,flags,temp_c
2021-01-16,TMAX,GHCND:USW00014732,",,W,2400",9.4
2021-01-16,TMIN,GHCND:USW00014732,",,W,2400",4.4
2021-01-17,TMAX,GHCND:USW00014732,",,W,2400",7.8
2021-01-17,TMIN,GHCND:USW00014732,",,W,2400",3.3
2021-01-18,TMAX,GHCND:USW00014732,",,W,2400",8.3
2021-01-18,TMIN,GHCND:USW00014732,",,W,2400",4.4
2021-01-19,TMAX,GHCND:USW00014732,",,W,2400",6.1
2021-01-19,TMIN,GHCND:USW00014732,",,W,2400",3.3
2021-01-20,TMAX,GHCND:USW00014732,",,W,2400",5.6
2021-01-20,TMIN,GHCND:USW00014732,",,W,2400",-1.6
2021-01-21,TMAX,GHCND:USW00014732,",,W,2400",7.2
2021-01-21,TMIN,GHCND:USW00014732,",,W,2400",-2.7
2021-01-22,TMAX,GHCND:USW00014732,",,W,2400",7.8
2021-01-22,TMIN,GHCND:USW00014732,",,W,2400",3.3
2021-01-23,TMAX,GHCND:USW00014732,",,W,2400",3.3
2021-01-23,TMIN,GHCND:USW00014732,",,W,2400",-2.7
2021-01-24,TMAX,GHCND:USW00014732,",,W,2400",1.1
2021-01-24,TMIN,GHCND:USW00014732,",,W,2400",-4.3
2021-01-25,TMAX,GHCND:USW00014732,",,W,2400",3.9
2021-01-25,TMIN,GHCND:USW00014732,",,W,2400",-3.2
2021-01-26,TMAX,GHCND:USW00014732,",,W,2400",2.2
2021-01-26,TMIN,GHCND:USW00014732,",,W,2400",0.6
2021-01-27,TMAX,GHCND:USW00014732,",,W,2400",3.9
2021-01-27,TMIN,GHCND:USW00014732,",,W,2400",0.6
2021-01-28,TMAX,GHCND:USW00014732,",,W,2400",1.7
2021-01-28,TMIN,GHCND:USW00014732,",,W,2400",-4.9
2021-01-29,TMAX,GHCND:USW00014732,",,W,2400",-2.1
2021-01-29,TMIN,GHCND:USW00014732,",,W,2400",-8.2
2021-01-30,TMAX,GHCND:USW00014732,",,W,2400",1.1
2021-01-30,TMIN,GHCND:USW00014732,",,W,2400",-7.1
2021-01-31,TMAX,GHCND:USW00014732,",,W,2400",-2.7
2021-01-31,TMIN,GHCND:USW00014732,",,W,2400",-6.0
2021-02-01,TMAX,GHCND:USW00014732,",,W,2400",1.7
2021-02-01,TMIN,GHCND:USW00014732,",,W,2400",-3.8
2021-02-02,TMAX,GHCND:USW00014732,",,W,2400",1.7
2021-02-02,TMIN,GHCND:USW00014732,",,W,2400",-1.0
2021-02-03,TMAX,GHCND:USW00014732,",,W,2400",3.3
2021-02-03,TMIN,GHCND:USW00014732,",,W,2400",-1.0
2021-02-04,TMAX,GHCND:USW00014732,",,W,2400",6.1
2021-02-04,TMIN,GHCND:USW00014732,",,W,2400",0.6
2021-02-05,TMAX,GHCND:USW00014732,",,W,2400",9.4
2021-02-05,TMIN,GHCND:USW00014732,",,W,2400",2.2
2021-02-06,TMAX,GHCND:USW00014732,",,W,2400",7.8
2021-02-06,TMIN,GHCND:USW00014732,",,W,2400",0.6
2021-02-07,TMAX,GHCND:USW00014732,",,W,2400",4.4
2021-02-07,TMIN,GHCND:USW00014732,",,W,2400",-2.7
2021-02-08,TMAX,GHCND:USW00014732,",,W,2400",-0.5
2021-02-08,TMIN,GHCND:USW00014732,",,W,2400",-7.1
2021-02-09,TMAX,GHCND:USW00014732,",,W,2400",1.1
2021-02-09,TMIN,GHCND:USW00014732,",,W,2400",-4.3
2021-02-10,TMAX,GHCND:USW00014732,",,W,2400",2.2
2021-02-10,TMIN,GHCND:USW00014732,",,W,2400",-2.7
2021-02-11,TMAX,GHCND:USW00014732,",,W,2400",0.6
2021-02-11,TMIN,GHCND:USW00014732,",,W,2400",-3.2
2021-02-12,TMAX,GHCND:USW00014732,",,W,2400",-1.0
2021-02-12,TMIN,GHCND:USW00014732,",,W,2400",-6.0
2021-02-13,TMAX,GHCND:USW00014732,",,W,2400",-0.5
2021-02-13,TMIN,GHCND:USW00014732,",,W,2400",-3.2
2021-02-14,TMAX,GHCND:USW00014732,",,W,2400",3.9
2021-02-14,TMIN,GHCND:USW00014732,",,W,2400",-2.1
2021-02-15,TMAX,GHCND:USW00014732,",,W,2400",1.7
2021-02-15,TMIN,GHCND:USW00014732,",,W,2400",0.0
2021-02-16,TMAX,GHCND:USW00014732,",,W,2400",11.7
2021-02-16,TMIN,GHCND:USW00014732,",,W,2400",1.1
2021-02-17,TMAX,GHCND:USW00014732,",,W,2400",2.2
2021-02-17,TMIN,GHCND:USW00014732,",,W,2400",-4.9
2021-02-18,TMAX,GHCND:USW00014732,",,W,2400",-1.0
2021-02-18,TMIN,GHCND:USW00014732,",,W,2400",-3.8
2021-02-19,TMAX,GHCND:USW00014732,",,W,2400",1.1
2021-02-19,TMIN,GHCND:USW00014732,",,W,2400",-2.1
2021-02-20,TMAX,GHCND:USW00014732,",,W,2400",2.2
2021-02-20,TMIN,GHCND:USW00014732,",,W,2400",-2.1
2021-02-21,TMAX,GHCND:USW00014732,",,W,2400",3.3
2021-02-21,TMIN,GHCND:USW00014732,",,W,2400",-3.8
2021-02-22,TMAX,GHCND:USW00014732,",,W,2400",4.4
2021-02-22,TMIN,GHCND:USW00014732,",,W,2400",0.6
2021-02-23,TMAX,GHCND:USW00014732,",,W,2400",7.8
2021-02-23,TMIN,GHCND:USW00014732,",,W,2400",3.3
2021-02-24,TMAX,GHCND:USW00014732,",,W,2400",11.7
2021-02-24,TMIN,GHCND:USW00014732,",,W,2400",5.0
2021-02-25,TMAX,GHCND:USW00014732,",,W,2400",11.1
2021-02-25,TMIN,GHCND:USW00014732,",,W,2400",5.0
2021-02-26,TMAX,GHCND:USW00014732,",,W,2400",8.3
2021-02-26,TMIN,GHCND:USW00014732,",,W,2400",1.7
2021-02-27,TMAX,GHCND:USW00014732,",,W,2400",11.1
2021-02-27,TMIN,GHCND:USW00014732,",,W,2400",2.8
2021-02-28,TMAX,GHCND:USW00014732,",,W,2400",8.3
2021-02-28,TMIN,GHCND:USW00014732,",,W,2400",3.9
2021-03-01,TMAX,GHCND:USW00014732,",,W,2400",9.4
2021-03-01,TMIN,GHCND:USW00014732,",,W,2400",0.6
2021-03-02,TMAX,GHCND:USW00014732,",,W,2400",1.1
2021-03-02,TMIN,GHCND:USW00014732,",,W,2400",-4.9
2021-03-03,TMAX,GHCND:USW00014732,",,W,2400",11.7
2021-03-03,TMIN,GHCND:USW00014732,",,W,2400",0.6
2021-03-04,TMAX,GHCND:USW00014732,",,W,2400",7.2
2021-03-04,TMIN,GHCND:USW00014732,",,W,2400",-2.1
2021-03-05,TMAX,GHCND:USW00014732,",,W,2400",3.3
2021-03-05,TMIN,GHCND:USW00014732,",,W,2400",-4.3
2021-03-06,TMAX,GHCND:USW00014732,",,W,2400",1.7
2021-03-06,TMIN,GHCND:USW00014732,",,W,2400",-1.0
2021-03-07,TMAX,GHCND:USW00014732,",,W,2400",5.0
2021-03-07,TMIN,GHCND:USW00014732,",,W,2400",-1.0
2021-03-08,TMAX,GHCND:USW00014732,",,W,2400",6.7
2021-03-08,TMIN,GHCND:USW00014732,",,W,2400",-2.1
2021-03-09,TMAX,GHCND:USW00014732,",,W,2400",16.7
2021-03-09,TMIN,GHCND:USW00014732,",,W,2400",5.6
2021-03-10,TMAX,GHCND:USW00014732,",,W,2400",12.8
2021-03-10,TMIN,GHCND:USW00014732,",,W,2400",3.3
2021-03-11,TMAX,GHCND:USW00014732,",,W,2400",20.0
2021-03-11,TMIN,GHCND:USW00014732,",,W,2400",6.7
2021-03-12,TMAX,GHCND:USW00014732,",,W,2400",20.6
2021-03-12,TMIN,GHCND:USW00014732,",,W,2400",11.1
2021-03-13,TMAX,GHCND:USW00014732,",,W,2400",11.1
2021-03-13,TMIN,GHCND:USW00014732,",,W,2400",1.1
2021-03-14,TMAX,GHCND:USW00014732,",,W,2400",11.1
2021-03-14,TMIN,GHCND:USW00014732,",,W,2400",0.0
2021-03-15,TMAX,GHCND:USW00014732,",,W,2400",3.9
2021-03-15,TMIN,GHCND:USW00014732,",,W,2400",-3.8
2021-03-16,TMAX,GHCND:USW00014732,",,W,2400",2.2
2021-03-16,TMIN,GHCND:USW00014732,",,W,2400",-1.6
2021-03-17,TMAX,GHCND:USW00014732,",,W,2400",8.3
2021-03-17,TMIN,GHCND:USW00014732,",,W,2400",1.1
2021-03-18,TMAX,GHCND:USW00014732,",,W,2400",8.3
2021-03-18,TMIN,GHCND:USW00014732,",,W,2400",5.6
2021-03-19,TMAX,GHCND:USW00014732,",,W,2400",6.1
2021-03-19,TMIN,GHCND:USW00014732,",,W,2400",0.0
2021-03-20,TMAX,GHCND:USW00014732,",,W,2400",15.0
2021-03-20,TMIN,GHCND:USW00014732,",,W,2400",1.7
2021-03-21,TMAX,GHCND:USW00014732,",,W,2400",16.7
2021-03-21,TMIN,GHCND:USW00014732,",,W,2400",3.3
2021-03-22,TMAX,GHCND:USW00014732,",,W,2400",13.9
2021-03-22,TMIN,GHCND:USW00014732,",,W,2400",3.9
2021-03-23,TMAX,GHCND:USW00014732,",,W,2400",14.4
2021-03-23,TMIN,GHCND:USW00014732,",,W,2400",5.6
2021-03-24,TMAX,GHCND:USW00014732,",,W,2400",9.4
2021-03-24,TMIN,GHCND:USW00014732,",,W,2400",6.7
2021-03-25,TMAX,GHCND:USW00014732,",,W,2400",19.4
2021-03-25,TMIN,GHCND:USW00014732,",,W,2400",7.8
2021-03-26,TMAX,GHCND:USW00014732,",,W,2400",27.8
2021-03-26,TMIN,GHCND:USW00014732,",,W,2400",11.1
2021-03-27,TMAX,GHCND:USW00014732,",,W,2400",20.0
2021-03-27,TMIN,GHCND:USW00014732,",,W,2400",10.6
2021-03-28,TMAX,GHCND:USW00014732,",,W,2400",15.0
2021-03-28,TMIN,GHCND:USW00014732,",,W,2400",7.2
2021-03-29,TMAX,GHCND:USW00014732,",,W,2400",12.8
2021-03-29,TMIN,GHCND:USW00014732,",,W,2400",7.8
2021-03-30,TMAX,GHCND:USW00014732,",,W,2400",15.0
2021-03-30,TMIN,GHCND:USW00014732,",,W,2400",5.0
2021-03-31,TMAX,GHCND:USW00014732,",,W,2400",18.9
2021-03-31,TMIN,GHCND:USW00014732,",,W,2400",9.4
2021-04-01,TMAX,GHCND:USW00014732,",,W,2400",13.9
2021-04-01,TMIN,GHCND:USW00014732,",,W,2400",3.9
2021-04-02,TMAX,GHCND:USW00014732,",,W,2400",3.9
2021-04-02,TMIN,GHCND:USW00014732,",,W,2400",-1.6
2021-04-03,TMAX,GHCND:USW00014732,",,W,2400",12.2
2021-04-03,TMIN,GHCND:USW00014732,",,W,2400",1.1
2021-04-04,TMAX,GHCND:USW00014732,",,W,2400",17.2
2021-04-04,TMIN,GHCND:USW00014732,",,W,2400",7.8
2021-04-05,TMAX,GHCND:USW00014732,",,W,2400",19.4
2021-04-05,TMIN,GHCND:USW00014732,",,W,2400",9.4
2021-04-06,TMAX,GHCND:USW00014732,",,W,2400",20.6
2021-04-06,TMIN,GHCND:USW00014732,",,W,2400",9.4
2021-04-07,TMAX,GHCND:USW00014732,",,W,2400",21.7
2021-04-07,TMIN,GHCND:USW00014732,",,W,2400",10.6
2021-04-08,TMAX,GHCND:USW00014732,",,W,2400",21.1
2021-04-08,TMIN,GHCND:USW00014732,",,W,2400",8.9
2021-04-09,TMAX,GHCND:USW00014732,",,W,2400",14.4
2021-04-09,TMIN,GHCND:USW00014732,",,W,2400",8.9
2021-04-10,TMAX,GHCND:USW00014732,",,W,2400",19.4
2021-04-10,TMIN,GHCND:USW00014732,",,W,2400",10.0
2021-04-11,TMAX,GHCND:USW00014732,",,W,2400",13.3
2021-04-11,TMIN,GHCND:USW00014732,",,W,2400",8.3
2021-04-12,TMAX,GHCND:USW00014732,",,W,2400",10.6
2021-04-12,TMIN,GHCND:USW00014732,",,W,2400",7.8
2021-04-13,TMAX,GHCND:USW00014732,",,W,2400",18.3
2021-04-13,TMIN,GHCND:USW00014732,",,W,2400",7.2
2021-04-14,TMAX,GHCND:USW00014732,",,W,2400",22.2
2021-04-14,TMIN,GHCND:USW00014732,",,W,2400",9.4
2021-04-15,TMAX,GHCND:USW00014732,",,W,2400",15.0
2021-04-15,TMIN,GHCND:USW00014732,",,W,2400",7.2
2021-04-16,TMAX,GHCND:USW00014732,",,W,2400",11.7
2021-04-16,TMIN,GHCND:USW00014732,",,W,2400",5.6
2021-04-17,TMAX,GHCND:USW00014732,",,W,2400",12.8
2021-04-17,TMIN,GHCND:USW00014732,",,W,2400",6.7
2021-04-18,TMAX,GHCND:USW00014732,",,W,2400",17.2
2021-04-18,TMIN,GHCND:USW00014732,",,W,2400",10.0
2021-04-19,TMAX,GHCND:USW00014732,",,W,2400",18.3
2021-04-19,TMIN,GHCND:USW00014732,",,W,2400",11.1
2021-04-20,TMAX,GHCND:USW00014732,",,W,2400",24.4
2021-04-20,TMIN,GHCND:USW00014732,",,W,2400",11.1
2021-04-21,TMAX,GHCND:USW00014732,",,W,2400",18.3
2021-04-21,TMIN,GHCND:USW00014732,",,W,2400",4.4
2021-04-22,TMAX,GHCND:USW00014732,",,W,2400",10.0
2021-04-22,TMIN,GHCND:USW00014732,",,W,2400",2.8
2021-04-23,TMAX,GHCND:USW00014732,",,W,2400",18.3
2021-04-23,TMIN,GHCND:USW00014732,",,W,2400",5.0
2021-04-24,TMAX,GHCND:USW00014732,",,W,2400",21.7
2021-04-24,TMIN,GHCND:USW00014732,",,W,2400",11.7
2021-04-25,TMAX,GHCND:USW00014732,",,W,2400",17.8
2021-04-25,TMIN,GHCND:USW00014732,",,W,2400",10.0
2021-04-26,TMAX,GHCND:USW00014732,",,W,2400",15.6
2021-04-26,TMIN,GHCND:USW00014732,",,W,2400",6.1
2021-04-27,TMAX,GHCND:USW00014732,",,W,2400",16.7
2021-04-27,TMIN,GHCND:USW00014732,",,W,2400",9.4
2021-04-28,TMAX,GHCND:USW00014732,",,W,2400",28.3
2021-04-28,TMIN,GHCND:USW00014732,",,W,2400",10.6
2021-04-29,TMAX,GHCND:USW00014732,",,W,2400",22.2
2021-04-29,TMIN,GHCND:USW00014732,",,W,2400",15.6
2021-04-30,TMAX,GHCND:USW00014732,",,W,2400",22.2
2021-04-30,TMIN,GHCND:USW00014732,",,W,2400",8.3
2021-05-01,TMAX,GHCND:USW00014732,",,W,2400",18.3
2021-05-01,TMIN,GHCND:USW00014732,",,W,2400",6.7
2021-05-02,TMAX,GHCND:USW00014732,",,W,2400",28.3
2021-05-02,TMIN,GHCND:USW00014732,",,W,2400",14.4
2021-05-03,TMAX,GHCND:USW00014732,",,W,2400",16.7
2021-05-03,TMIN,GHCND:USW00014732,",,W,2400",11.1
2021-05-04,TMAX,GHCND:USW00014732,",,W,2400",20.6
2021-05-04,TMIN,GHCND:USW00014732,",,W,2400",10.6
2021-05-05,TMAX,GHCND:USW00014732,",,W,2400",16.1
2021-05-05,TMIN,GHCND:USW00014732,",,W,2400",10.6
2021-05-06,TMAX,GHCND:USW00014732,",,W,2400",18.9
2021-05-06,TMIN,GHCND:USW00014732,",,W,2400",11.1
2021-05-07,TMAX,GHCND:USW00014732,",,W,2400",16.7
2021-05-07,TMIN,GHCND:USW00014732,",,W,2400",10.6
2021-05-08,TMAX,GHCND:USW00014732,",,W,2400",12.8
2021-05-08,TMIN,GHCND:USW00014732,",,W,2400",10.0
2021-05-09,TMAX,GHCND:USW00014732,",,W,2400",17.8
2021-05-09,TMIN,GHCND:USW00014732,",,W,2400",8.9
2021-05-10,TMAX,GHCND:USW00014732,",,W,2400",15.6
2021-05-10,TMIN,GHCND:USW00014732,",,W,2400",8.9
2021-05-11,TMAX,GHCND:USW00014732,",,W,2400",20.0
2021-05-11,TMIN,GHCND:USW00014732,",,W,2400",11.1
2021-05-12,TMAX,GHCND:USW00014732,",,W,2400",20.0
2021-05-12,TMIN,GHCND:USW00014732,",,W,2400",8.9
2021-05-13,TMAX,GHCND:USW00014732,",,W,2400",21.7
2021-05-13,TMIN,GHCND:USW00014732,",,W,2400",12.2
2021-05-14,TMAX,GHCND:USW00014732,",,W,2400",24.4
2021-05-14,TMIN,GHCND:USW00014732,",,W,2400",13.3
2021-05-15,TMAX,GHCND:USW00014732,",,W,2400",25.0
2021-05-15,TMIN,GHCND:USW00014732,",,W,2400",13.9
2021-05-16,TMAX,GHCND:USW00014732,",,W,2400",26.1
2021-05-16,TMIN,GHCND:USW00014732,",,W,2400",16.1
2021-05-17,TMAX,GHCND:USW00014732,",,W,2400",25.6
2021-05-17,TMIN,GHCND:USW00014732,",,W,2400",15.0
2021-05-18,TMAX,GHCND:USW00014732,",,W,2400",28.3
2021-05-18,TMIN,GHCND:USW00014732,",,W,2400",16.7
2021-05-19,TMAX,GHCND:USW00014732,",,W,2400",30.0
2021-05-19,TMIN,GHCND:USW00014732,",,W,2400",18.9
2021-05-20,TMAX,GHCND:USW00014732,",,W,2400",24.4
2021-05-20,TMIN,GHCND:USW00014732,",,W,2400",15.6
2021-05-21,TMAX,GHCND:USW00014732,",,W,2400",25.0
2021-05-21,TMIN,GHCND:USW00014732,",,W,2400",15.6
2021-05-22,TMAX,GHCND:USW00014732,",,W,2400",31.1
2021-05-22,TMIN,GHCND:USW00014732,",,W,2400",16.7
2021-05-23,TMAX,GHCND:USW00014732,",,W,2400",31.1
2021-05-23,TMIN,GHCND:USW00014732,",,W,2400",20.0
2021-05-24,TMAX,GHCND:USW00014732,",,W,2400",20.6
2021-05-24,TMIN,GHCND:USW00014732,",,W,2400",15.0
2021-05-25,TMAX,GHCND:USW00014732,",,W,2400",22.2
2021-05-25,TMIN,GHCND:USW00014732,",,W,2400",15.0
2021-05-26,TMAX,GHCND:USW00014732,",,W,2400",30.0
2021-05-26,TMIN,GHCND:USW00014732,",,W,2400",18.9
2021-05-27,TMAX,GHCND:USW00014732,",,W,2400",28.3
2021-05-27,TMIN,GHCND:USW00014732,",,W,2400",18.9
2021-05-28,TMAX,GHCND:USW00014732,",,W,2400",20.0
2021-05-28,TMIN,GHCND:USW00014732,",,W,2400",10.6
2021-05-29,TMAX,GHCND:USW00014732,",,W,2400",11.1
2021-05-29,TMIN,GHCND:USW00014732,",,W,2400",8.9
2021-05-30,TMAX,GHCND:USW00014732,",,W,2400",11.1
2021-05-30,TMIN,GHCND:USW00014732,",,W,2400",8.9
2021-05-31,TMAX,GHCND:USW00014732,",,W,2400",21.7
2021-05-31,TMIN,GHCND:USW00014732,",,W,2400",10.0
2021-06-01,TMAX,GHCND:USW00014732,",,W,2400",26.1
2021-06-01,TMIN,GHCND:USW00014732,",,W,2400",13.3
2021-06-02,TMAX,GHCND:USW00014732,",,W,2400",24.4
2021-06-02,TMIN,GHCND:USW00014732,",,W,2400",16.7
2021-06-03,TMAX,GHCND:USW00014732,",,W,2400",24.4
2021-06-03,TMIN,GHCND:USW00014732,",,W,2400",16.1
2021-06-04,TMAX,GHCND:USW00014732,",,W,2400",26.7
2021-06-04,TMIN,GHCND:USW00014732,",,W,2400",17.8
2021-06-05,TMAX,GHCND:USW00014732,",,W,2400",34.4
2021-06-05,TMIN,GHCND:USW00014732,",,W,2400",18.9
2021-06-06,TMAX,GHCND:USW00014732,",,W,2400",35.0
2021-06-06,TMIN,GHCND:USW00014732,",,W,2400",24.4
2021-06-07,TMAX,GHCND:USW00014732,",,W,2400",33.9
2021-06-07,TMIN,GHCND:USW00014732,",,W,2400",24.4
2021-06-08,TMAX,GHCND:USW00014732,",,W,2400",33.3
2021-06-08,TMIN,GHCND:USW00014732,",,W,2400",22.2
2021-06-09,TMAX,GHCND:USW00014732,",,W,2400",32.8
2021-06-09,TMIN,GHCND:USW00014732,",,W,2400",23.3
2021-06-10,TMAX,GHCND:USW00014732,",,W,2400",27.2
2021-06-10,TMIN,GHCND:USW00014732,",,W,2400",18.3
2021-06-11,TMAX,GHCND:USW00014732,",,W,2400",20.0
2021-06-11,TMIN,GHCND:USW00014732,",,W,2400",16.7
2021-06-12,TMAX,GHCND:USW00014732,",,W,2400",21.7
2021-06-12,TMIN,GHCND:USW00014732,",,W,2400",17.2
2021-06-13,TMAX,GHCND:USW00014732,",,W,2400",25.0
2021-06-13,TMIN,GHCND:USW00014732,",,W,2400",17.2
2021-06-14,TMAX,GHCND:USW00014732,",,W,2400",23.3
2021-06-14,TMIN,GHCND:USW00014732,",,W,2400",18.9
2021-06-15,TMAX,GHCND:USW00014732,",,W,2400",28.3
2021-06-15,TMIN,GHCND:USW00014732,",,W,2400",19.4
2021-06-16,TMAX,GHCND:USW00014732,",,W,2400",25.0
2021-06-16,TMIN,GHCND:USW00014732,",,W,2400",17.8
2021-06-17,TMAX,GHCND:USW00014732,",,W,2400",26.1
2021-06-17,TMIN,GHCND:USW00014732,",,W,2400",16.7
2021-06-18,TMAX,GHCND:USW00014732,",,W,2400",30.0
2021-06-18,TMIN,GHCND:USW00014732,",,W,2400",18.9
2021-06-19,TMAX,GHCND:USW00014732,",,W,2400",32.8
2021-06-19,TMIN,GHCND:USW00014732,",,W,2400",20.0
2021-06-20,TMAX,GHCND:USW00014732,",,W,2400",30.6
2021-06-20,TMIN,GHCND:USW00014732,",,W,2400",20.6
2021-06-21,TMAX,GHCND:USW00014732,",,W,2400",30.6
2021-06-21,TMIN,GHCND:USW00014732,",,W,2400",23.3
2021-06-22,TMAX,GHCND:USW00014732,",,W,2400",26.7
2021-06-22,TMIN,GHCND:USW00014732,",,W,2400",16.1
2021-06-23,TMAX,GHCND:USW00014732,",,W,2400",25.0
2021-06-23,TMIN,GHCND:USW00014732,",,W,2400",14.4
2021-06-24,TMAX,GHCND:USW00014732,",,W,2400",25.6
2021-06-24,TMIN,GHCND:USW00014732,",,W,2400",17.2
2021-06-25,TMAX,GHCND:USW00014732,",,W,2400",27.8
2021-06-25,TMIN,GHCND:USW00014732,",,W,2400",17.8
2021-06-26,TMAX,GHCND:USW00014732,",,W,2400",29.4
2021-06-26,TMIN,GHCND:USW00014732,",,W,2400",20.6
2021-06-27,TMAX,GHCND:USW00014732,",,W,2400",31.7
2021-06-27,TMIN,GHCND:USW00014732,",,W,2400",23.3
2021-06-28,TMAX,GHCND:USW00014732,",,W,2400",35.6
2021-06-28,TMIN,GHCND:USW00014732,",,W,2400",25.0
2021-06-29,TMAX,GHCND:USW00014732,",,W,2400",36.7
2021-06-29,TMIN,GHCND:USW00014732,",,W,2400",27.2
2021-06-30,TMAX,GHCND:USW00014732,",,W,2400",37.8
2021-06-30,TMIN,GHCND:USW00014732,",,W,2400",22.8
2021-07-01,TMAX,GHCND:USW00014732,",,W,2400",30.0
2021-07-01,TMIN,GHCND:USW00014732,",,W,2400",22.8
2021-07-02,TMAX,GHCND:USW00014732,",,W,2400",25.6
2021-07-02,TMIN,GHCND:USW00014732,",,W,2400",17.2
2021-07-03,TMAX,GHCND:USW00014732,",,W,2400",19.4
2021-07-03,TMIN,GHCND:USW00014732,",,W,2400",15.6
2021-07-04,TMAX,GHCND:USW00014732,",,W,2400",26.1
2021-07-04,TMIN,GHCND:USW00014732,",,W,2400",16.7
2021-07-05,TMAX,GHCND:USW00014732,",,W,2400",28.9
2021-07-05,TMIN,GHCND:USW00014732,",,W,2400",19.4
2021-07-06,TMAX,GHCND:USW00014732,",,W,2400",35.6
2021-07-06,TMIN,GHCND:USW00014732,",,W,2400",22.8
2021-07-07,TMAX,GHCND:USW00014732,",,W,2400",35.6
2021-07-07,TMIN,GHCND:USW00014732,",,W,2400",23.3
2021-07-08,TMAX,GHCND:USW00014732,",,W,2400",29.4
2021-07-08,TMIN,GHCND:USW00014732,",,W,2400",22.2
2021-07-09,TMAX,GHCND:USW00014732,",,W,2400",31.7
2021-07-09,TMIN,GHCND:USW00014732,",,W,2400",22.2
2021-07-10,TMAX,GHCND:USW00014732,",,W,2400",27.2
2021-07-10,TMIN,GHCND:USW00014732,",,W,2400",22.2
2021-07-11,TMAX,GHCND:USW00014732,",,W,2400",27.8
2021-07-11,TMIN,GHCND:USW00014732,",,W,2400",22.2
2021-07-12,TMAX,GHCND:USW00014732,",,W,2400",27.8
2021-07-12,TMIN,GHCND:USW00014732,",,W,2400",22.8
2021-07-13,TMAX,GHCND:USW00014732,",,W,2400",22.8
2021-07-13,TMIN,GHCND:USW00014732,",,W,2400",20.6
2021-07-14,TMAX,GHCND:USW00014732,",,W,2400",32.8
2021-07-14,TMIN,GHCND:USW00014732,",,W,2400",21.1
2021-07-15,TMAX,GHCND:USW00014732,",,W,2400",32.8
2021-07-15,TMIN,GHCND:USW00014732,",,W,2400",24.4
2021-07-16,TMAX,GHCND:USW00014732,",,W,2400",35.0
2021-07-16,TMIN,GHCND:USW00014732,",,W,2400",27.2
2021-07-17,TMAX,GHCND:USW00014732,",,W,2400",32.8
2021-07-17,TMIN,GHCND:USW00014732,",,W,2400",23.3
2021-07-18,TMAX,GHCND:USW00014732,",,W,2400",30.0
2021-07-18,TMIN,GHCND:USW00014732,",,W,2400",23.3
2021-07-19,TMAX,GHCND:USW00014732,",,W,2400",27.8
2021-07-19,TMIN,GHCND:USW00014732,",,W,2400",21.7
2021-07-20,TMAX,GHCND:USW00014732,",,W,2400",31.7
2021-07-20,TMIN,GHCND:USW00014732,",,W,2400",23.9
2021-07-21,TMAX,GHCND:USW00014732,",,W,2400",28.3
2021-07-21,TMIN,GHCND:USW00014732,",,W,2400",22.2
2021-07-22,TMAX,GHCND:USW00014732,",,W,2400",28.3
2021-07-22,TMIN,GHCND:USW00014732,",,W,2400",20.0
2021-07-23,TMAX,GHCND:USW00014732,",,W,2400",28.3
2021-07-23,TMIN,GHCND:USW00014732,",,W,2400",21.1
2021-07-24,TMAX,GHCND:USW00014732,",,W,2400",28.3
2021-07-24,TMIN,GHCND:USW00014732,",,W,2400",21.1
2021-07-25,TMAX,GHCND:USW00014732,",,W,2400",28.9
2021-07-25,TMIN,GHCND:USW00014732,",,W,2400",20.0
2021-07-26,TMAX,GHCND:USW00014732,",,W,2400",32.2
2021-07-26,TMIN,GHCND:USW00014732,",,W,2400",22.2
2021-07-27,TMAX,GHCND:USW00014732,",,W,2400",32.8
2021-07-27,TMIN,GHCND:USW00014732,",,W,2400",23.3
2021-07-28,TMAX,GHCND:USW00014732,",,W,2400",27.8
2021-07-28,TMIN,GHCND:USW00014732,",,W,2400",21.7
2021-07-29,TMAX,GHCND:USW00014732,",,W,2400",26.7
2021-07-29,TMIN,GHCND:USW00014732,",,W,2400",22.8
2021-07-30,TMAX,GHCND:USW00014732,",,W,2400",29.4
2021-07-30,TMIN,GHCND:USW00014732,",,W,2400",20.0
2021-07-31,TMAX,GHCND:USW00014732,",,W,2400",26.1
2021-07-31,TMIN,GHCND:USW00014732,",,W,2400",17.8
2021-08-01,TMAX,GHCND:USW00014732,",,W,2400",25.6
2021-08-01,TMIN,GHCND:USW00014732,",,W,2400",20.0
2021-08-02,TMAX,GHCND:USW00014732,",,W,2400",27.2
2021-08-02,TMIN,GHCND:USW00014732,",,W,2400",17.8
2021-08-03,TMAX,GHCND:USW00014732,",,W,2400",26.1
2021-08-03,TMIN,GHCND:USW00014732,",,W,2400",20.0
2021-08-04,TMAX,GHCND:USW00014732,",,W,2400",23.9
2021-08-04,TMIN,GHCND:USW00014732,",,W,2400",21.1
2021-08-05,TMAX,GHCND:USW00014732,",,W,2400",27.2
2021-08-05,TMIN,GHCND:USW00014732,",,W,2400",20.6
2021-08-06,TMAX,GHCND:USW00014732,",,W,2400",31.7
2021-08-06,TMIN,GHCND:USW00014732,",,W,2400",21.7
2021-08-07,TMAX,GHCND:USW00014732,",,W,2400",31.7
2021-08-07,TMIN,GHCND:USW00014732,",,W,2400",23.9
2021-08-08,TMAX,GHCND:USW00014732,",,W,2400",26.1
2021-08-08,TMIN,GHCND:USW00014732,",,W,2400",19.4
2021-08-09,TMAX,GHCND:USW00014732,",,W,2400",26.7
2021-08-09,TMIN,GHCND:USW00014732,",,W,2400",21.1
2021-08-10,TMAX,GHCND:USW00014732,",,W,2400",29.4
2021-08-10,TMIN,GHCND:USW00014732,",,W,2400",22.8
2021-08-11,TMAX,GHCND:USW00014732,",,W,2400",33.3
2021-08-11,TMIN,GHCND:USW00014732,",,W,2400",24.4
2021-08-12,TMAX,GHCND:USW00014732,",,W,2400",36.7
2021-08-12,TMIN,GHCND:USW00014732,",,W,2400",25.0
2021-08-13,TMAX,GHCND:USW00014732,",,W,2400",36.7
2021-08-13,TMIN,GHCND:USW00014732,",,W,2400",26.1
2021-08-14,TMAX,GHCND:USW00014732,",,W,2400",32.8
2021-08-14,TMIN,GHCND:USW00014732,",,W,2400",25.0
2021-08-15,TMAX,GHCND:USW00014732,",,W,2400",28.9
2021-08-15,TMIN,GHCND:USW00014732,",,W,2400",21.7
2021-08-16,TMAX,GHCND:USW00014732,",,W,2400",27.8
2021-08-16,TMIN,GHCND:USW00014732,",,W,2400",21.7
2021-08-17,TMAX,GHCND:USW00014732,",,W,2400",27.8
2021-08-17,TMIN,GHCND:USW00014732,",,W,2400",23.9
2021-08-18,TMAX,GHCND:USW00014732,",,W,2400",30.0
2021-08-18,TMIN,GHCND:USW00014732,",,W,2400",24.4
2021-08-19,TMAX,GHCND:USW00014732,",,W,2400",31.7
2021-08-19,TMIN,GHCND:USW00014732,",,W,2400",25.0
2021-08-20,TMAX,GHCND:USW00014732,",,W,2400",28.3
2021-08-20,TMIN,GHCND:USW00014732,",,W,2400",25.0
2021-08-21,TMAX,GHCND:USW00014732,",,W,2400",28.9
2021-08-21,TMIN,GHCND:USW00014732,",,W,2400",23.9
2021-08-22,TMAX,GHCND:USW00014732,",,W,2400",25.0
2021-08-22,TMIN,GHCND:USW00014732,",,W,2400",22.2
2021-08-23,TMAX,GHCND:USW00014732,",,W,2400",29.4
2021-08-23,TMIN,GHCND:USW00014732,",,W,2400",22.8
2021-08-24,TMAX,GHCND:USW00014732,",,W,2400",33.3
2021-08-24,TMIN,GHCND:USW00014732,",,W,2400",24.4
2021-08-25,TMAX,GHCND:USW00014732,",,W,2400",34.4
2021-08-25,TMIN,GHCND:USW00014732,",,W,2400",23.9
2021-08-26,TMAX,GHCND:USW00014732,",,W,2400",34.4
2021-08-26,TMIN,GHCND:USW00014732,",,W,2400",27.2
2021-08-27,TMAX,GHCND:USW00014732,",,W,2400",33.9
2021-08-27,TMIN,GHCND:USW00014732,",,W,2400",24.4
2021-08-28,TMAX,GHCND:USW00014732,",,W,2400",27.2
2021-08-28,TMIN,GHCND:USW00014732,",,W,2400",20.0
2021-08-29,TMAX,GHCND:USW00014732,",,W,2400",24.4
2021-08-29,TMIN,GHCND:USW00014732,",,W,2400",20.0
2021-08-30,TMAX,GHCND:USW00014732,",,W,2400",30.6
2021-08-30,TMIN,GHCND:USW00014732,",,W,2400",23.3
2021-08-31,TMAX,GHCND:USW00014732,",,W,2400",30.6
2021-08-31,TMIN,GHCND:USW00014732,",,W,2400",24.4
2021-09-01,TMAX,GHCND:USW00014732,",,W,2400",26.7
2021-09-01,TMIN,GHCND:USW00014732,",,W,2400",18.3
2021-09-02,TMAX,GHCND:USW00014732,",,W,2400",25.6
2021-09-02,TMIN,GHCND:USW00014732,",,W,2400",17.2
2021-09-03,TMAX,GHCND:USW00014732,",,W,2400",24.4
2021-09-03,TMIN,GHCND:USW00014732,",,W,2400",16.7
2021-09-04,TMAX,GHCND:USW00014732,",,W,2400",27.2
2021-09-04,TMIN,GHCND:USW00014732,",,W,2400",18.3
2021-09-05,TMAX,GHCND:USW00014732,",,W,2400",24.4
2021-09-05,TMIN,GHCND:USW00014732,",,W,2400",20.6
2021-09-06,TMAX,GHCND:USW00014732,",,W,2400",29.4
2021-09-06,TMIN,GHCND:USW00014732,",,W,2400",21.7
2021-09-07,TMAX,GHCND:USW00014732,",,W,2400",28.3
2021-09-07,TMIN,GHCND:USW00014732,",,W,2400",20.0
2021-09-08,TMAX,GHCND:USW00014732,",,W,2400",30.0
2021-09-08,TMIN,GHCND:USW00014732,",,W,2400",22.8
2021-09-09,TMAX,GHCND:USW00014732,",,W,2400",25.0
2021-09-09,TMIN,GHCND:USW00014732,",,W,2400",20.0
2021-09-10,TMAX,GHCND:USW00014732,",,W,2400",24.4
2021-09-10,TMIN,GHCND:USW00014732,",,W,2400",18.9
2021-09-11,TMAX,GHCND:USW00014732,",,W,2400",26.7
2021-09-11,TMIN,GHCND:USW00014732,",,W,2400",17.8
2021-09-12,TMAX,GHCND:USW00014732,",,W,2400",29.4
2021-09-12,TMIN,GHCND:USW00014732,",,W,2400",20.0
2021-09-13,TMAX,GHCND:USW00014732,",,W,2400",30.0
2021-09-13,TMIN,GHCND:USW00014732,",,W,2400",21.7
2021-09-14,TMAX,GHCND:USW00014732,",,W,2400",27.2
2021-09-14,TMIN,GHCND:USW00014732,",,W,2400",21.1
2021-09-15,TMAX,GHCND:USW00014732,",,W,2400",31.1
2021-09-15,TMIN,GHCND:USW00014732,",,W,2400",22.8
2021-09-16,TMAX,GHCND:USW00014732,",,W,2400",25.0
2021-09-16,TMIN,GHCND:USW00014732,",,W,2400",22.2
2021-09-17,TMAX,GHCND:USW00014732,",,W,2400",23.9
2021-09-17,TMIN,GHCND:USW00014732,",,W,2400",21.1
2021-09-18,TMAX,GHCND:USW00014732,",,W,2400",30.0
2021-09-18,TMIN,GHCND:USW00014732,",,W,2400",21.1
2021-09-19,TMAX,GHCND:USW00014732,",,W,2400",25.6
2021-09-19,TMIN,GHCND:USW00014732,",,W,2400",19.4
2021-09-20,TMAX,GHCND:USW00014732,",,W,2400",24.4
2021-09-20,TMIN,GHCND:USW00014732,",,W,2400",17.8
2021-09-21,TMAX,GHCND:USW00014732,",,W,2400",25.0
2021-09-21,TMIN,GHCND:USW00014732,",,W,2400",17.8
2021-09-22,TMAX,GHCND:USW00014732,",,W,2400",28.3
2021-09-22,TMIN,GHCND:USW00014732,",,W,2400",22.2
2021-09-23,TMAX,GHCND:USW00014732,",,W,2400",28.3
2021-09-23,TMIN,GHCND:USW00014732,",,W,2400",18.3
2021-09-24,TMAX,GHCND:USW00014732,",,W,2400",24.4
2021-09-24,TMIN,GHCND:USW00014732,",,W,2400",15.6
2021-09-25,TMAX,GHCND:USW00014732,",,W,2400",25.0
2021-09-25,TMIN,GHCND:USW00014732,",,W,2400",17.2
2021-09-26,TMAX,GHCND:USW00014732,",,W,2400",23.3
2021-09-26,TMIN,GHCND:USW00014732,",,W,2400",17.8
2021-09-27,TMAX,GHCND:USW00014732,",,W,2400",27.8
2021-09-27,TMIN,GHCND:USW00014732,",,W,2400",18.3
2021-09-28,TMAX,GHCND:USW00014732,",,W,2400",23.9
2021-09-28,TMIN,GHCND:USW00014732,",,W,2400",17.2
2021-09-29,TMAX,GHCND:USW00014732,",,W,2400",21.1
2021-09-29,TMIN,GHCND:USW00014732,",,W,2400",13.3
2021-09-30,TMAX,GHCND:USW00014732,",,W,2400",20.0
2021-09-30,TMIN,GHCND:USW00014732,",,W,2400",14.4
2021-10-01,TMAX,GHCND:USW00014732,",,W,2400",21.1
2021-10-01,TMIN,GHCND:USW00014732,",,W,2400",12.2
2021-10-02,TMAX,GHCND:USW00014732,",,W,2400",25.0
2021-10-02,TMIN,GHCND:USW00014732,",,W,2400",15.0
2021-10-03,TMAX,GHCND:USW00014732,",,W,2400",27.2
2021-10-03,TMIN,GHCND:USW00014732,",,W,2400",17.2
2021-10-04,TMAX,GHCND:USW00014732,",,W,2400",23.3
2021-10-04,TMIN,GHCND:USW00014732,",,W,2400",17.2
2021-10-05,TMAX,GHCND:USW00014732,",,W,2400",18.9
2021-10-05,TMIN,GHCND:USW00014732,",,W,2400",16.1
2021-10-06,TMAX,GHCND:USW00014732,",,W,2400",21.7
2021-10-06,TMIN,GHCND:USW00014732,",,W,2400",16.7
2021-10-07,TMAX,GHCND:USW00014732,",,W,2400",25.6
2021-10-07,TMIN,GHCND:USW00014732,",,W,2400",17.8
2021-10-08,TMAX,GHCND:USW00014732,",,W,2400",24.4
2021-10-08,TMIN,GHCND:USW00014732,",,W,2400",18.3
2021-10-09,TMAX,GHCND:USW00014732,",,W,2400",21.1
2021-10-09,TMIN,GHCND:USW00014732,",,W,2400",16.1
2021-10-10,TMAX,GHCND:USW00014732,",,W,2400",20.6
2021-10-10,TMIN,GHCND:USW00014732,",,W,2400",17.2
2021-10-11,TMAX,GHCND:USW00014732,",,W,2400",22.8
2021-10-11,TMIN,GHCND:USW00014732,",,W,2400",17.8
2021-10-12,TMAX,GHCND:USW00014732,",,W,2400",21.7
2021-10-12,TMIN,GHCND:USW00014732,",,W,2400",17.2
2021-10-13,TMAX,GHCND:USW00014732,",,W,2400",21.7
2021-10-13,TMIN,GHCND:USW00014732,",,W,2400",18.3
2021-10-14,TMAX,GHCND:USW00014732,",,W,2400",26.1
2021-10-14,TMIN,GHCND:USW00014732,",,W,2400",18.9
2021-10-15,TMAX,GHCND:USW00014732,",,W,2400",28.3
2021-10-15,TMIN,GHCND:USW00014732,",,W,2400",19.4
2021-10-16,TMAX,GHCND:USW00014732,",,W,2400",25.0
2021-10-16,TMIN,GHCND:USW00014732,",,W,2400",15.6
2021-10-17,TMAX,GHCND:USW00014732,",,W,2400",18.3
2021-10-17,TMIN,GHCND:USW00014732,",,W,2400",12.8
2021-10-18,TMAX,GHCND:USW00014732,",,W,2400",16.7
2021-10-18,TMIN,GHCND:USW00014732,",,W,2400",11.1
2021-10-19,TMAX,GHCND:USW00014732,",,W,2400",20.6
2021-10-19,TMIN,GHCND:USW00014732,",,W,2400",10.6
2021-10-20,TMAX,GHCND:USW00014732,",,W,2400",26.7
2021-10-20,TMIN,GHCND:USW00014732,",,W,2400",15.6
2021-10-21,TMAX,GHCND:USW00014732,",,W,2400",25.0
2021-10-21,TMIN,GHCND:USW00014732,",,W,2400",16.7
2021-10-22,TMAX,GHCND:USW00014732,",,W,2400",22.2
2021-10-22,TMIN,GHCND:USW00014732,",,W,2400",15.0
2021-10-23,TMAX,GHCND:USW00014732,",,W,2400",16.1
2021-10-23,TMIN,GHCND:USW00014732,",,W,2400",10.6
2021-10-24,TMAX,GHCND:USW00014732,",,W,2400",16.1
2021-10-24,TMIN,GHCND:USW00014732,",,W,2400",10.6
2021-10-25,TMAX,GHCND:USW00014732,",,W,2400",23.9
2021-10-25,TMIN,GHCND:USW00014732,",,W,2400",14.4
2021-10-26,TMAX,GHCND:USW00014732,",,W,2400",17.8
2021-10-26,TMIN,GHCND:USW00014732,",,W,2400",13.9
2021-10-27,TMAX,GHCND:USW00014732,",,W,2400",16.7
2021-10-27,TMIN,GHCND:USW00014732,",,W,2400",12.8
2021-10-28,TMAX,GHCND:USW00014732,",,W,2400",15.0
2021-10-28,TMIN,GHCND:USW00014732,",,W,2400",10.0
2021-10-29,TMAX,GHCND:USW00014732,",,W,2400",14.4
2021-10-29,TMIN,GHCND:USW00014732,",,W,2400",9.4
2021-10-30,TMAX,GHCND:USW00014732,",,W,2400",20.0
2021-10-30,TMIN,GHCND:USW00014732,",,W,2400",13.3
2021-10-31,TMAX,GHCND:USW00014732,",,W,2400",19.4
2021-10-31,TMIN,GHCND:USW00014732,",,W,2400",13.9
2021-11-01,TMAX,GHCND:USW00014732,",,W,2400",16.7
2021-11-01,TMIN,GHCND:USW00014732,",,W,2400",12.2
2021-11-02,TMAX,GHCND:USW00014732,",,W,2400",12.8
2021-11-02,TMIN,GHCND:USW00014732,",,W,2400",8.9
2021-11-03,TMAX,GHCND:USW00014732,",,W,2400",12.8
2021-11-03,TMIN,GHCND:USW00014732,",,W,2400",7.2
2021-11-04,TMAX,GHCND:USW00014732,",,W,2400",11.1
2021-11-04,TMIN,GHCND:USW00014732,",,W,2400",5.6
2021-11-05,TMAX,GHCND:USW00014732,",,W,2400",11.7
2021-11-05,TMIN,GHCND:USW00014732,",,W,2400",5.6
2021-11-06,TMAX,GHCND:USW00014732,",,W,2400",12.2
2021-11-06,TMIN,GHCND:USW00014732,",,W,2400",6.7
2021-11-07,TMAX,GHCND:USW00014732,",,W,2400",13.9
2021-11-07,TMIN,GHCND:USW00014732,",,W,2400",6.1
2021-11-08,TMAX,GHCND:USW00014732,",,W,2400",18.9
2021-11-08,TMIN,GHCND:USW00014732,",,W,2400",9.4
2021-11-09,TMAX,GHCND:USW00014732,",,W,2400",22.2
2021-11-09,TMIN,GHCND:USW00014732,",,W,2400",10.6
2021-11-10,TMAX,GHCND:USW00014732,",,W,2400",18.9
2021-11-10,TMIN,GHCND:USW00014732,",,W,2400",11.7
2021-11-11,TMAX,GHCND:USW00014732,",,W,2400",16.7
2021-11-11,TMIN,GHCND:USW00014732,",,W,2400",7.8
2021-11-12,TMAX,GHCND:USW00014732,",,W,2400",20.6
2021-11-12,TMIN,GHCND:USW00014732,",,W,2400",13.3
2021-11-13,TMAX,GHCND:USW00014732,",,W,2400",17.8
2021-11-13,TMIN,GHCND:USW00014732,",,W,2400",6.1
2021-11-14,TMAX,GHCND:USW00014732,",,W,2400",9.4
2021-11-14,TMIN,GHCND:USW00014732,",,W,2400",5.6
2021-11-15,TMAX,GHCND:USW00014732,",,W,2400",10.0
2021-11-15,TMIN,GHCND:USW00014732,",,W,2400",5.6
2021-11-16,TMAX,GHCND:USW00014732,",,W,2400",10.6
2021-11-16,TMIN,GHCND:USW00014732,",,W,2400",4.4
2021-11-17,TMAX,GHCND:USW00014732,",,W,2400",14.4
2021-11-17,TMIN,GHCND:USW00014732,",,W,2400",4.4
2021-11-18,TMAX,GHCND:USW00014732,",,W,2400",21.1
2021-11-18,TMIN,GHCND:USW00014732,",,W,2400",9.4
2021-11-19,TMAX,GHCND:USW00014732,",,W,2400",10.0
2021-11-19,TMIN,GHCND:USW00014732,",,W,2400",5.6
2021-11-20,TMAX,GHCND:USW00014732,",,W,2400",8.9
2021-11-20,TMIN,GHCND:USW00014732,",,W,2400",3.9
2021-11-21,TMAX,GHCND:USW00014732,",,W,2400",13.9
2021-11-21,TMIN,GHCND:USW00014732,",,W,2400",8.3
2021-11-22,TMAX,GHCND:USW00014732,",,W,2400",13.9
2021-11-22,TMIN,GHCND:USW00014732,",,W,2400",3.3
2021-11-23,TMAX,GHCND:USW00014732,",,W,2400",6.7
2021-11-23,TMIN,GHCND:USW00014732,",,W,2400",1.7
2021-11-24,TMAX,GHCND:USW00014732,",,W,2400",8.3
2021-11-24,TMIN,GHCND:USW00014732,",,W,2400",0.6
2021-11-25,TMAX,GHCND:USW00014732,",,W,2400",13.9
2021-11-25,TMIN,GHCND:USW00014732,",,W,2400",5.0
2021-11-26,TMAX,GHCND:USW00014732,",,W,2400",10.6
2021-11-26,TMIN,GHCND:USW00014732,",,W,2400",3.3
2021-11-27,TMAX,GHCND:USW00014732,",,W,2400",5.6
2021-11-27,TMIN,GHCND:USW00014732,",,W,2400",2.2
2021-11-28,TMAX,GHCND:USW00014732,",,W,2400",6.7
2021-11-28,TMIN,GHCND:USW00014732,",,W,2400",1.1
2021-11-29,TMAX,GHCND:USW00014732,",,W,2400",6.1
2021-11-29,TMIN,GHCND:USW00014732,",,W,2400",1.7
2021-11-30,TMAX,GHCND:USW00014732,",,W,2400",6.1
2021-11-30,TMIN,GHCND:USW00014732,",,W,2400",1.1
2021-12-01,TMAX,GHCND:USW00014732,",,W,2400",10.0
2021-12-01,TMIN,GHCND:USW00014732,",,W,2400",6.1
2021-12-02,TMAX,GHCND:USW00014732,",,W,2400",15.6
2021-12-02,TMIN,GHCND:USW00014732,",,W,2400",7.8
2021-12-03,TMAX,GHCND:USW00014732,",,W,2400",10.0
2021-12-03,TMIN,GHCND:USW00014732,",,W,2400",4.4
2021-12-04,TMAX,GHCND:USW00014732,",,W,2400",9.4
2021-12-04,TMIN,GHCND:USW00014732,",,W,2400",3.9
2021-12-05,TMAX,GHCND:USW00014732,",,W,2400",9.4
2021-12-05,TMIN,GHCND:USW00014732,",,W,2400",5.6
2021-12-06,TMAX,GHCND:USW00014732,",,W,2400",16.1
2021-12-06,TMIN,GHCND:USW00014732,",,W,2400",7.8
2021-12-07,TMAX,GHCND:USW00014732,",,W,2400",7.2
2021-12-07,TMIN,GHCND:USW00014732,",,W,2400",3.9
2021-12-08,TMAX,GHCND:USW00014732,",,W,2400",6.1
2021-12-08,TMIN,GHCND:USW00014732,",,W,2400",2.2
2021-12-09,TMAX,GHCND:USW00014732,",,W,2400",4.4
2021-12-09,TMIN,GHCND:USW00014732,",,W,2400",1.1
2021-12-10,TMAX,GHCND:USW00014732,",,W,2400",10.6
2021-12-10,TMIN,GHCND:USW00014732,",,W,2400",4.4
2021-12-11,TMAX,GHCND:USW00014732,",,W,2400",19.4
2021-12-11,TMIN,GHCND:USW00014732,",,W,2400",7.2
2021-12-12,TMAX,GHCND:USW00014732,",,W,2400",15.0
2021-12-12,TMIN,GHCND:USW00014732,",,W,2400",6.7
2021-12-13,TMAX,GHCND:USW00014732,",,W,2400",12.2
2021-12-13,TMIN,GHCND:USW00014732,",,W,2400",5.6
2021-12-14,TMAX,GHCND:USW00014732,",,W,2400",12.2
2021-12-14,TMIN,GHCND:USW00014732,",,W,2400",6.7
2021-12-15,TMAX,GHCND:USW00014732,",,W,2400",12.8
2021-12-15,TMIN,GHCND:USW00014732,",,W,2400",4.4
2021-12-16,TMAX,GHCND:USW00014732,",,W,2400",17.2
2021-12-16,TMIN,GHCND:USW00014732,",,W,2400",12.8
2021-12-17,TMAX,GHCND:USW00014732,",,W,2400",16.7
2021-12-17,TMIN,GHCND:USW00014732,",,W,2400",10.0
2021-12-18,TMAX,GHCND:USW00014732,",,W,2400",10.0
2021-12-18,TMIN,GHCND:USW00014732,",,W,2400",4.4
2021-12-19,TMAX,GHCND:USW00014732,",,W,2400",7.2
2021-12-19,TMIN,GHCND:USW00014732,",,W,2400",-0.5
2021-12-20,TMAX,GHCND:USW00014732,",,W,2400",3.3
2021-12-20,TMIN,GHCND:USW00014732,",,W,2400",-2.7
2021-12-21,TMAX,GHCND:USW00014732,",,W,2400",6.1
2021-12-21,TMIN,GHCND:USW00014732,",,W,2400",0.6
2021-12-22,TMAX,GHCND:USW00014732,",,W,2400",8.9
2021-12-22,TMIN,GHCND:USW00014732,",,W,2400",1.7
2021-12-23,TMAX,GHCND:USW00014732,",,W,2400",2.8
2021-12-23,TMIN,GHCND:USW00014732,",,W,2400",0.0
2021-12-24,TMAX,GHCND:USW00014732,",,W,2400",3.9
2021-12-24,TMIN,GHCND:USW00014732,",,W,2400",-0.5
2021-12-25,TMAX,GHCND:USW00014732,",,W,2400",10.6
2021-12-25,TMIN,GHCND:USW00014732,",,W,2400",2.2
2021-12-26,TMAX,GHCND:USW00014732,",,W,2400",11.1
2021-12-26,TMIN,GHCND:USW00014732,",,W,2400",5.0
2021-12-27,TMAX,GHCND:USW00014732,",,W,2400",5.0
2021-12-27,TMIN,GHCND:USW00014732,",,W,2400",1.7
2021-12-28,TMAX,GHCND:USW00014732,",,W,2400",8.9
2021-12-28,TMIN,GHCND:USW00014732,",,W,2400",2.8
2021-12-29,TMAX,GHCND:USW00014732,",,W,2400",6.7
2021-12-29,TMIN,GHCND:USW00014732,",,W,2400",5.6
2021-12-30,TMAX,GHCND:USW00014732,",,W,2400",9.4
2021-12-30,TMIN,GHCND:USW00014732,",,W,2400",6.1
2021-12-31,TMAX,GHCND:USW00014732,",,W,2400",12.8
2021-12-31,TMIN,GHCND:USW00014732,",,W,2400",8.9
2022-01-01,TMAX,GHCND:USW00014732,",,W,2400",13.9
2022-01-01,TMIN,GHCND:USW00014732,",,W,2400",10.0
2022-01-02,TMAX,GHCND:USW00014732,",,W,2400",15.6
2022-01-02,TMIN,GHCND:USW00014732,",,W,2400",3.9
2022-01-03,TMAX,GHCND:USW00014732,",,W,2400",3.9
2022-01-03,TMIN,GHCND:USW00014732,",,W,2400",-4.3
2022-01-04,TMAX,GHCND:USW00014732,",,W,2400",2.2
2022-01-04,TMIN,GHCND:USW00014732,",,W,2400",-6.0
2022-01-05,TMAX,GHCND:USW00014732,",,W,2400",8.9
2022-01-05,TMIN,GHCND:USW00014732,",,W,2400",0.0
2022-01-06,TMAX,GHCND:USW00014732,",,W,2400",6.1
2022-01-06,TMIN,GHCND:USW00014732,",,W,2400",2.2
2022-01-07,TMAX,GHCND:USW00014732,",,W,2400",2.2
2022-01-07,TMIN,GHCND:USW00014732,",,W,2400",-2.1
2022-01-08,TMAX,GHCND:USW00014732,",,W,2400",0.0
2022-01-08,TMIN,GHCND:USW00014732,",,W,2400",-4.9
2022-01-09,TMAX,GHCND:USW00014732,",,W,2400",5.6
2022-01-09,TMIN,GHCND:USW00014732,",,W,2400",-1.0
2022-01-10,TMAX,GHCND:USW00014732,",,W,2400",5.6
2022-01-10,TMIN,GHCND:USW00014732,",,W,2400",-3.2
2022-01-11,TMAX,GHCND:USW00014732,",,W,2400",-3.2
2022-01-11,TMIN,GHCND:USW00014732,",,W,2400",-8.2
2022-01-12,TMAX,GHCND:USW00014732,",,W,2400",5.6
2022-01-12,TMIN,GHCND:USW00014732,",,W,2400",-6.6
2022-01-13,TMAX,GHCND:USW00014732,",,W,2400",7.8
2022-01-13,TMIN,GHCND:USW00014732,",,W,2400",0.6
2022-01-14,TMAX,GHCND:USW00014732,",,W,2400",6.1
2022-01-14,TMIN,GHCND:USW00014732,",,W,2400",-5.5
2022-01-15,TMAX,GHCND:USW00014732,",,W,2400",-5.5
2022-01-15,TMIN,GHCND:USW00014732,",,W,2400",-10.5
2022-01-16,TMAX,GHCND:USW00014732,",,W,2400",4.4
2022-01-16,TMIN,GHCND:USW00014732,",,W,2400",-12.1
